ARIMA_Predicted,LSTM_Predicted
10.724470684207628,12.316624
9.242383808610928,11.1608305
7.886626556958392,10.417504
6.6853162901349155,9.819168
5.936883138935163,9.191045
5.640708726619852,9.039304
5.782983576056389,10.790902
6.331387229186479,11.220418
7.234083484320195,13.316148
8.417301987852317,12.841039
9.792274321796384,13.27683
11.2620634790417,13.384684
12.72819453159234,13.361307
14.096959713689373,13.250391
15.285191414633307,13.162413
16.225107554131892,13.062397
16.86794612814939,12.647928
17.18621218647267,12.191818
17.174459695075555,11.548494
16.848625767597476,10.914219
16.24402630231316,10.170424
15.412202906532128,9.502543
14.416875884987883,8.897231
13.32930357982926,8.388611
12.223372538871667,8.015195
11.170745295033331,7.798487
10.236373816010767,7.668485
9.47464909370851,7.6251726
8.926404163300457,7.604788
8.616923194997788,7.5749884
8.555037854871724,7.4944634
8.733318772328463,7.390383
9.129299466526271,7.2362304
9.707606853449889,7.059416
10.422820194660224,6.865681
11.222841899671874,6.681791
12.052540783057003,6.519107
12.85742194588207,6.384139
13.587087057157591,6.2770042
14.19827310159199,6.204161
14.65729440399657,6.157321
14.941759012301592,6.129883
15.04148291895607,6.109177
14.958580487350453,6.0881743
14.706763196640528,6.074662
14.309928035771371,6.061693
13.80015862238486,6.0458674
13.21529406534747,6.0259957
12.596241136390946,6.003778
11.984213675471482,5.9809823
11.41807935141913,5.95832
10.931978737388865,5.936442
10.553356633076653,5.9159384
10.301512729179397,5.897769
10.186740526125575,5.882906
10.210082579765436,5.871095
10.363689388815839,5.8620796
10.631731168572491,5.855451
10.991778686885374,5.850827
11.416543159033077,5.847713
11.875847267334208,5.8455343
12.338690457763807,5.8437977
12.775271925383162,5.842147
13.158843694356964,5.8403926
13.467282948916353,5.838416
13.684295849322147,5.836195
13.800192702800867,5.8337812
13.812204574183557,5.8312726
13.724342161129186,5.8287973
13.546827031753894,5.8264666
13.29515132124256,5.824365
12.988843194419923,5.8225493
12.650030665423698,5.8210444
12.301905017510034,5.8198466
11.96718683677123,5.8189254
11.666692766377173,5.8182325
11.418090124352934,5.817712
11.234910488588447,5.81731
11.12587349835277,5.816981
11.094549898962562,5.8166847
11.139369797411787,5.8163953
11.25395971674607,5.8160973
11.42777173762275,5.815788
11.64695100096136,5.815469
11.895375054240088,5.81515
12.155790580606164,5.8148384
12.410970240133228,5.814547
12.644814620002052,5.8142824
12.843331256296208,5.814051
12.995433692249541,5.813856
13.093517685928177,5.813695
13.133787923754445,5.8135657
13.116325798436458,5.813463
13.044905825109915,5.8133817
12.926584016864343,5.8133163
12.771095070274974,5.8132606
12.590105758790411,5.8132105
12.396378958663249,5.813164
12.202905950572836,5.81312
12.022064019311491,5.813076
11.864852130286929,5.8130326
11.740250033564045,5.812991
11.654736155897844,5.812949
11.611987846310688,5.8129125
11.612774779555801,5.812878
11.655043455904782,5.812848
11.734178593779758,5.812823
11.84341653801162,5.8128014
11.974377216880256,5.812783
12.117675129721418,5.8127675
12.263566604476516,5.812755
12.40259020949887,5.8127446
12.526159626098718,5.8127346
12.627073204823343,5.812727
12.699911409733291,5.8127203
12.741301858906773,5.812714
12.750041081472451,5.812707
12.727071787155134,5.812701
12.675323751912163,5.8126955
12.599434783668734,5.8126907
12.505375153651638,5.8126855
12.400003984365508,5.812682
12.290589131476045,5.8126774
12.184322983449512,5.8126755
12.087865372342273,5.812673
12.00694161783768,5.812671
11.946018906863124,5.812669
11.908078127367196,5.812668
11.894491374823858,5.8126664
11.905008113153615,5.8126645
11.937845876921108,5.8126636
11.989874896662668,5.8126626
12.056880503423292,5.812661
12.133882930824901,5.81266
12.215491395346689,5.8126593
12.29626820425517,5.8126583
12.371079114302782,5.8126574
12.435408138742888,5.812657
12.48561827990309,5.8126554
12.519143979446987,5.8126545
12.534606104604597,5.8126545
12.531845671489982,5.812654
12.511877885051922,5.8126535
12.476773105017282,5.8126535
12.429475722345273,5.812654
12.373575401174,5.8126535
12.313047526405184,5.812654
12.25198089414154,5.8126535
12.194310669175866,5.8126535
12.143573467142508,5.8126535
12.10269922655949,5.812654
12.073851505399904,5.8126526
12.05832420066312,5.812652
12.056498708374388,5.812652
12.067861486317394,5.812652
12.091078115675383,5.8126516
12.124116519492427,5.812652
12.164409185948593,5.8126516
12.20904221389202,5.812652
12.254957841053157,5.812652
12.299156865778382,5.812651
12.338888005192425,5.812651
12.371812665390495,5.8126507
12.396135703992739,5.812651
12.410695376468517,5.8126507
12.415008584559512,5.81265
12.40927058594215,5.8126497
12.394311279014053,5.8126497
12.371512860120372,5.8126497
12.342695903305007,5.8126497
12.309982610339125,5.8126493
12.275647038176384,5.8126497
12.241962493640507,5.8126493
12.211055997700756,5.8126497
12.184778813373507,5.8126497
12.164600588834155,5.8126497
12.151532807676126,5.8126493
12.146085099690184,5.81265
12.148255697832782,5.8126497
12.157555081360284,5.8126497
12.173059764215635,5.8126497
12.193491397331702,5.8126497
12.217314954845094,5.8126497
12.242848838834265,5.81265
12.268379303686038,5.81265
12.29227167422345,5.81265
12.31307138331215,5.81265
12.329588827463036,5.81265
12.340963351292022,5.81265
12.34670322392552,5.81265
12.346700152118842,5.8126507
12.341218572342562,5.8126497
12.330861567963499,5.8126497
12.316516669506662,5.8126497
12.29928593425901,5.8126497
12.280405505864314,5.8126493
12.261160288914603,5.8126497
12.242799427079461,5.8126497
12.22645796012358,5.8126497
12.21308939217417,5.81265
12.20341298716096,5.81265
12.197878488728033,5.81265
12.196649722042146,5.81265
12.199607258770019,5.81265
12.206369097454662,5.81265
12.216327206121422,5.8126497
12.228696857283262,5.8126497
12.242575007605444,5.8126493
12.257003567756918,5.8126493
12.271033285986924,5.8126493
12.283784126430824,5.8126493
12.29449843712767,5.81265
12.302583834912042,5.81265
12.307643534203255,5.81265
12.309492755322129,5.81265
12.308160802133363,5.8126507
12.303879335344092,5.81265
12.297058227527424,5.81265
12.288251117364032,5.81265
12.278113342772683,5.81265
12.267355297320332,5.8126497
12.256694407294692,5.8126493
12.246808868032057,5.8126497
12.238296021029576,5.8126493
12.231637823617888,5.8126493
12.227175295991755,5.8126497
12.225093168813276,5.8126497
12.225415245131273,5.81265
12.228010280635853,5.81265
12.232607521747285,5.81265
12.238820462195717,5.81265
12.246176918706597,5.8126497
12.254153209158368,5.8126497
12.262210055868938,5.8126497
12.269827835583945,5.8126497
12.276538949007783,5.8126493
12.281955369641505,5.81265
12.2857898296553,5.8126507
12.287869578934881,5.812651
12.288142177964247,5.812651
12.28667332013279,5.812651
12.283637189650145,5.8126507
12.279300315941255,5.8126507
12.274000257633391,5.8126507
12.268120718993652,5.812651
12.262064856372563,5.8126507
12.256228567244339,5.81265
12.250975473069538,5.8126507
12.246615120007098,5.81265
12.243385645326802,5.81265
12.241441813998867,5.8126497
12.240848944444275,5.8126493
12.241582841440497,5.8126493
12.243535464082509,5.8126493
12.24652570197688,5.8126493
12.250314334583939,5.8126493
12.254622023321229,5.8126497
12.259149044770554,5.8126497
12.263595421270795,5.8126493
12.267680141558305,5.8126497
12.271158282537357,5.8126497
12.273835032366831,5.8126497
12.275575859474902,5.81265
12.276312353663652,5.8126497
12.276043564403302,5.8126497
12.274832957798658,5.81265
12.272801388677294,5.81265
12.270116721177859,5.81265
12.26698091668626,5.81265
12.263615532468641,5.81265
12.260246632715775,5.81265
12.25709010524941,5.81265
12.254338305464069,5.81265
12.252148821686115,5.8126497
12.250635983746626,5.8126493
12.249865532294418,5.8126497
12.249852644768076,5.81265
12.250563289989119,5.8126497
12.251918671481638,5.8126493
12.253802332876317,5.8126507
12.25606934792159,5.812651
12.258556910708196,5.8126507
12.261095583541087,5.8126507
12.263520451946846,5.81265
12.265681476783229,5.81265
12.267452417500198,5.81265
12.268737820898238,5.8126507
12.269477716870563,5.8126497
12.269649825943794,5.81265
12.269269251743296,5.8126497
12.26838579379767,5.8126507
12.267079162246887,5.81265
12.26545249741412,5.81265
12.263624687208006,5.8126497
12.261722029620492,5.8126497
12.259869804341625,5.8126493
12.258184297380991,5.8126497
12.256765768552421,5.81265
12.25569276876381,5.8126497
12.255018108895849,5.81265
12.254766662409224,5.81265
12.254935058017342,5.81265
12.255493195139966,5.81265
12.256387401228006,5.81265
12.257544953237042,5.81265
12.258879610952809,5.81265
12.260297761287974,5.8126507
12.261704751991257,5.81265
12.263011000477393,5.8126497
12.264137496948594,5.8126497
12.265020377286818,5.8126493
12.265614315694586,5.8126493
12.265894574142827,5.8126493
12.265857639192141,5.812649
12.265520470405553,5.8126493
12.264918472362654,5.8126497
12.264102378865001,5.8126493
12.26313429890273,5.8126497
12.262083216145612,5.8126497
12.26102025529074,5.8126497
12.260014029111453,5.8126497
12.259126360444107,5.8126497
12.258408635802109,5.8126497
12.257898995050054,5.8126493
12.257620498627881,5.81265
12.257580344707813,5.8126497
12.257770138104421,5.8126497
12.258167145325881,5.81265
12.258736410026177,5.81265
12.259433553808094,5.81265
12.260208051494967,5.81265
12.261006749309653,5.81265
12.261777389499183,5.81265
12.262471915410682,5.81265
12.2630493554811,5.81265
12.263478120840398,5.8126497
12.26373759638249,5.8126493
12.26381895592876,5.8126497
12.263725184985962,5.81265
12.263470346100737,5.8126497
12.263078168702497,5.8126493
12.262580084814587,5.8126507
12.262012861912396,5.812651
12.261416003043102,5.8126507
12.260829091397847,5.8126507
12.260289251931347,5.81265
12.259828887187567,5.81265
12.259473819700338,5.81265
12.25924194121251,5.8126507
12.259142431891005,5.8126497
12.259175573308784,5.81265
12.259333139849428,5.8126497
12.259599316857003,5.8126507
12.259952062501666,5.81265
12.260364805738648,5.81265
12.260808356168456,5.8126497
12.261252893751386,5.8126497
12.261669907291639,5.8126493
12.262033959918162,5.8126497
12.26232417647055,5.81265
12.262525370341299,5.8126497
12.262628754206636,5.81265
12.262632208280346,5.81265
12.26254010927197,5.81265
12.262362751214505,5.81265
12.262115414027196,5.81265
12.26181715566578,5.81265
12.261489417922368,5.81265
12.261154543726207,5.8126507
12.260834304961268,5.81265
12.260548534587366,5.8126497
12.260313945857217,5.8126497
12.260143205631843,5.8126493
12.260044309442849,5.8126493
12.260020284435406,5.8126493
12.260069224127728,5.812649
12.260184637493923,5.8126493
12.260356075554462,5.8126497
12.260569982582352,5.8126493
12.26081070708355,5.8126497
12.261061600462511,5.8126497
12.261306128985781,5.8126497
12.261528927227667,5.8126497
12.261716728233523,5.8126497
12.261859116510385,5.8126497
12.26194906377948,5.8126493
12.261983223179287,5.81265
12.26196197419396,5.8126497
12.261889226899594,5.8126497
12.261772009137378,5.81265
12.261619873036649,5.81265
12.261444167202812,5.81265
12.261257227356182,5.81265
12.261071541001018,5.81265
12.26089894080972,5.81265
12.260749877052273,5.81265
12.260632812023623,5.81265
12.26055376963333,5.8126497
12.260516061860113,5.8126493
12.26052020144989,5.8126497
12.260563997878368,5.81265
12.260642822001055,5.8126497
12.260750014682397,5.8126493
12.260877406613037,5.8126507
12.26101591091298,5.812651
12.261156147224629,5.8126507
12.261289055883271,5.8126507
12.261406463293397,5.81265
12.261501564552319,5.81265
12.261569296224026,5.81265
12.2616065804472,5.8126507
12.261612430666075,5.8126497
12.261587918580641,5.81265
12.261536010817975,5.8126497
12.261461291777659,5.8126507
12.26136959563604,5.81265
12.261267575253498,5.81265
12.261162238492705,5.8126497
12.261060483139037,5.8126497
12.260968660268594,5.8126493
12.260892192714488,5.8126497
12.260835270527593,5.81265
12.26080063939021,5.8126497
12.260789491254592,5.81265
12.260801459505771,5.81265
12.260834714149148,5.81265
12.260886146325266,5.81265
12.260951626226422,5.81265
12.261026314522205,5.81265
12.261105004889957,5.81265
12.2611824742852,5.8126507
12.261253818166452,5.81265
12.261314749900771,5.8126497
12.261361846825759,5.8126497
12.261392729665973,5.8126493
12.261406166881336,5.8126493
12.261402100719605,5.8126493
12.261381596907116,5.812649
12.261346724712858,5.8126493
12.261300378269507,5.8126497
12.261246053295894,5.8126493
12.261187595570435,5.8126497
12.261128938561678,5.8126497
12.261073847515577,5.8126497
12.261025686089699,5.8126497
12.26098721944039,5.8126497
12.260960464694922,5.8126497
12.260946596203325,5.8126493
12.26094590911657,5.81265
12.260957840939703,5.8126497
12.260981047012292,5.8126497
12.26101352260156,5.81265
12.261052761645324,5.81265
12.261095940293385,5.81265
12.261140112353393,5.81265
12.261182403578132,5.81265
12.261220192406439,5.81265
12.261251266207376,5.81265
12.261273944149742,5.81265
12.261287160364644,5.8126497
12.261290503902801,5.8126493
12.261284214915877,5.8126497
12.261269139320525,5.81265
12.26124664675851,5.8126497
12.261218518795046,5.8126493
12.261186815883937,5.8126507
12.261153732595293,5.812651
12.261121450916308,5.8126507
12.26109200110759,5.8126507
12.261067138677406,5.81265
12.26104824461014,5.81265
12.26103625416784,5.81265
12.261031617509321,5.8126507
12.261034293184627,5.8126497
12.261043773408764,5.81265
12.261059138034136,5.8126497
12.261079132445106,5.8126507
12.261102263286046,5.81265
12.261126905072453,5.81265
12.261151410357565,5.8126497
12.261174216236423,5.8126497
12.261193940535964,5.8126493
12.26120946200619,5.8126497
12.261219980113559,5.81265
12.261225051546253,5.8126497
12.261224602165273,5.81265
12.261218914765804,5.81265
12.261208594545579,5.81265
12.261194515517172,5.81265
12.261177752172475,5.81265
12.261159501453779,5.81265
12.261141000473982,5.81265
12.261123445450297,5.8126507
12.261107916986647,5.81265
12.261095316197164,5.8126497
12.261086315262254,5.8126497
12.26108132491934,5.8126493
12.261080480190762,5.8126493
12.261083644423662,5.8126493
12.2610904305406,5.812649
12.261100237348218,5.8126493
12.261112297886145,5.8126497
12.261125736166106,5.8126493
12.261139628281976,5.8126497
12.261153063776469,5.8126497
12.261165203323086,5.8126497
12.261175329199226,5.8126497
12.261182885650095,5.8126497
12.261187507023907,5.8126497
12.261189032439368,5.8126493
12.261187506665907,5.81265
12.261183167794647,5.8126497
12.261176423097375,5.8126497
12.261167815162867,5.81265
12.261157980926342,5.81265
12.261147606542597,5.81265
12.261137381183719,5.81265
12.261127952769417,5.81265
12.261119888375827,5.81265
12.261113641642744,5.81265
12.261109528944333,5.81265
12.261107715445993,5.8126497
12.261108211485368,5.8126493
12.261110879034183,5.8126497
12.261115447363323,5.81265
12.261121536484586,5.8126497
12.261128686510197,5.8126493
12.261136390777818,5.8126507
12.261144130446594,5.812651
12.261151408281266,5.8126507
12.261157779498319,5.8126507
12.261162877834133,5.81265
12.26116643538573,5.81265
12.261168295240132,5.81265
12.261168416415439,5.8126507
12.261166871150952,5.8126497
12.261163835071924,5.81265
12.261159571186555,5.8126497
12.261154409023781,5.8126507
12.261148720471331,5.81265
12.26114289401307,5.81265
12.261137309088994,5.8126497
12.261132312214073,5.8126497
12.261128196304226,5.8126493
12.261125184385733,5.8126497
12.261123418529554,5.81265
12.261122954478715,5.8126497
12.26112376205089,5.81265
12.261125731024634,5.81265
12.261128681880068,5.81265
12.26113238048286,5.81265
12.261136555589793,5.81265
12.261140917925138,5.81265
12.261145179533996,5.81265
12.261149072160595,5.8126507
12.261152363519559,5.81265
12.261154870515156,5.8126497
12.261156468702488,5.8126497
12.261157097557664,5.8126493
12.261156761412346,5.8126493
12.26115552619229,5.8126493
12.261153512361796,5.812649
12.261150884700445,5.8126493
12.261147839712516,5.8126497
12.261144591584214,5.8126493
12.261141357654793,5.8126497
12.261138344354244,5.8126497
12.261135734486592,5.8126497
12.261133676611173,5.8126497
12.261132277105343,5.8126497
12.261131595293488,5.8126497
12.261131641813181,5.8126493
12.261132380174143,5.81265
12.261133731263296,5.8126497
12.261135580371858,5.8126497
12.261137786178477,5.81265
12.261140191023154,5.81265
12.2611426317547,5.81265
12.261144950430706,5.81265
12.26114700419166,5.81265
12.261148673714908,5.81265
12.261149869772476,5.81265
12.261150537560049,5.81265
12.261150658622467,5.8126497
12.261150250363034,5.8126493
12.2611493632792,5.8126497
12.26114807620629,5.81265
12.26114648996545,5.8126497
12.261144719896015,5.8126493
12.261142887801805,5.8126507
12.26114111385403,5.812651
12.261139508971299,5.8126507
12.26113816814271,5.8126507
12.261137165078205,5.81265
12.261136548467665,5.81265
12.261136340014271,5.81265
12.26113653428645,5.8126507
12.261137100314178,5.8126497
12.261137984747188,5.81265
12.26113911630098,5.8126497
12.26114041114666,5.8126507
12.261141778856082,5.81265
12.261143128496002,5.81265
12.261144374474199,5.8126497
12.26114544177459,5.8126497
12.261146270274224,5.8126493
12.26114681790799,5.8126497
12.261147062531366,5.81265
12.26114700242187,5.8126497
12.261146655449714,5.81265
12.26114605703201,5.81265
12.26114525705749,5.81265
12.261144316026057,5.81265
12.261143300686456,5.81265
12.261142279474537,5.81265
12.261141318053365,5.81265
12.261140475236093,5.8126507
12.26113979953506,5.81265
12.261139326529277,5.8126497
12.261139077181216,5.8126497
12.261139057167014,5.8126493
12.261139257216346,5.8126493
12.261139654393752,5.8126493
12.261140214196043,5.812649
12.261140893293952,5.8126493
12.261141642712797,5.8126497
12.26114241122831,5.8126493
12.261143148750264,5.8126497
12.261143809477806,5.8126497
12.26114435463493,5.8126497
12.261144754630262,5.8126497
12.261144990529342,5.8126497
12.261145054776737,5.8126497
12.261144951156293,5.8126493
12.2611446940271,5.81265
12.26114430691744,5.8126497
12.261143820596274,5.8126497
12.261143270769812,5.81265
12.261142695567912,5.81265
12.26114213299094,5.81265
12.261141618482386,5.81265
12.2611411827769,5.81265
12.261140850148873,5.81265
12.261140637155286,5.81265
12.261140551930566,5.81265
12.261140594053245,5.8126497
12.261140754966606,5.8126493
12.261141018900929,5.8126497
12.261141364215174,5.81265
12.261141765052901,5.8126497
12.261142193191935,5.8126493
12.261142619960408,5.8126507
12.261143018093442,5.812651
12.261143363414309,5.8126507
12.261143636240485,5.8126507
12.261143822437228,5.81265
12.261143914067434,5.81265
12.26114390961472,5.81265
12.261143813785106,5.8126507
12.26114363691936,5.8126497
12.261143394071576,5.81265
12.26114310382832,5.8126497
12.26114278695592,5.8126507
12.261142464970405,5.81265
12.26114215872524,5.81265
12.261141887106474,5.8126497
12.261141665913895,5.8126497
12.261141506991308,5.8126493
12.261141417650135,5.8126497
12.261141400409779,5.81265
12.261141453056771,5.8126497
12.261141569004282,5.81265
12.261141737915132,5.81265
12.261141946536277,5.81265
12.261142179681633,5.81265
12.261142421293448,5.81265
12.261142655510659,5.81265
12.2611428676755,5.81265
12.261143045216745,5.8126507
12.261143178358685,5.81265
12.2611432606185,5.8126497
12.261143289069864,5.8126497
12.261143264366698,5.8126493
12.261143190536561,5.8126493
12.261143074567528,5.8126493
12.261142925824487,5.812649
12.261142755340106,5.8126493
12.261142575031627,5.8126497
12.261142396897045,5.8126493
12.261142232243108,5.8126497
12.2611420909931,5.8126497
12.261141981115065,5.8126497
12.261141908201532,5.8126497
12.261141875220709,5.8126497
12.261141882447154,5.8126497
12.261141927568143,5.8126493
12.261142005950799,5.81265
12.26114211104551,5.8126497
12.26114223489353,5.8126497
12.261142368701439,5.81265
12.261142503442638,5.81265
12.261142630446091,5.81265
12.26114274193521,5.81265
12.261142831484666,5.81265
12.26114289436967,5.81265
12.261142927790269,5.81265
12.261142930962084,5.81265
12.261142905073791,5.8126497
12.261142853120226,5.8126493
12.261142779627509,5.8126497
12.261142690292756,5.81265
12.261142591565392,5.8126497
12.261142490199546,5.8126493
12.261142392807539,5.8126507
12.261142305442984,5.812651
12.261142233238859,5.8126507
12.261142180121174,5.8126507
12.261142148613109,5.81265
12.261142139737983,5.81265
12.261142153022742,5.81265
12.261142186597102,5.8126507
12.261142237377591,5.8126497
12.26114230132083,5.81265
12.261142373726605,5.8126497
12.261142449569073,5.8126507
12.261142523833566,5.81265
12.261142591837194,5.81265
12.261142649513443,5.8126497
12.261142693644214,5.8126497
12.261142722026856,5.8126493
12.261142733568487,5.8126497
12.261142728304922,5.81265
12.261142707346435,5.8126497
12.261142672757238,5.81265
12.261142627379401,5.81265
12.261142574615072,5.81265
12.261142518182854,5.81265
12.261142461865125,5.81265
12.261142409262899,5.81265
12.26114236357358,5.81265
12.261142327404796,5.8126507
12.261142302634548,5.81265
12.261142290324527,5.8126497
12.26114229068969,5.8126497
12.261142303123455,5.8126493
12.261142326274339,5.8126493
12.261142358166778,5.8126493
12.261142396356343,5.812649
12.261142438107843,5.8126493
12.261142480583851,5.8126497
12.261142521031097,5.8126493
12.261142556952905,5.8126497
12.261142586257257,5.8126497
12.261142607372141,5.8126497
12.26114261932228,5.8126497
12.261142621764133,5.8126497
12.261142614978823,5.8126497
12.2611425998254,5.8126493
12.261142577659232,5.81265
12.261142550222386,5.8126497
12.261142519514278,5.8126497
12.261142487651805,5.81265
12.261142456728379,5.81265
12.261142428680962,5.81265
12.261142405173231,5.81265
12.261142387501618,5.81265
12.261142376529188,5.81265
12.261142372650319,5.81265
12.26114237578701,5.81265
12.26114238541561,5.8126497
12.261142400620855,5.8126493
12.261142420172495,5.8126497
12.261142442618567,5.81265
12.26114246638857,5.8126497
12.261142489899486,5.8126493
12.261142511657724,5.8126507
12.261142530350646,5.812651
12.2611425449223,5.8126507
12.26114255462922,5.8126507
12.26114255907366,5.81265
12.261142558213153,5.81265
12.261142552346891,5.81265
12.261142542080838,5.8126507
12.261142528274815,5.8126497
12.261142511975763,5.81265
12.261142494342092,5.8126497
12.261142476564375,5.8126507
12.261142459787628,5.81265
12.261142445040086,5.81265
12.261142433172738,5.8126497
12.26114242481298,5.8126497
12.26114242033474,5.8126493
12.261142419846186,5.8126497
12.26114242319503,5.81265
12.26114242999027,5.8126497
12.261142439638203,5.81265
12.26114245138977,5.81265
12.261142464395673,5.81265
12.261142477765373,5.81265
12.261142490626007,5.81265
12.261142502177472,5.81265
12.261142511740314,5.81265
12.261142518793676,5.8126507
12.261142523001366,5.81265
12.261142524224878,5.8126497
12.26114252252317,5.8126497
12.261142518139803,5.8126493
12.26114251147885,5.8126493
12.261142503071639,5.8126493
12.261142493536868,5.812649
12.261142483536972,5.8126493
12.261142473733692,5.8126497
12.26114246474573,5.8126493
12.261142457111113,5.8126497
12.26114245125645,5.8126497
12.261142447474747,5.8126497
12.26114244591278,5.8126497
12.26114244656844,5.8126497
12.261142449297706,5.8126497
12.2611424538304,5.8126493
12.261142459793296,5.81265
12.261142466738756,5.8126497
12.261142474176822,5.8126497
12.261142481608536,5.81265
12.261142488558303,5.81265
12.261142494603272,5.81265
12.261142499397987,5.81265
12.261142502692948,5.81265
12.261142504346168,5.81265
12.26114250432732,5.81265
12.261142502714549,5.81265
12.261142499684462,5.8126497
12.261142495496305,5.8126493
12.261142490471547,5.8126497
12.26114248497044,5.81265
12.261142479367164,5.8126497
12.261142474025222,5.8126493
12.261142469274658,5.8126507
12.261142465392462,5.812651
12.261142462587276,5.8126507
12.261142460989173,5.8126507
12.26114246064495,5.81265
12.261142461518952,5.81265
12.261142463499164,5.81265
12.261142466407886,5.8126507
12.261142470016136,5.8126497
12.261142474060675,5.81265
12.261142478262439,5.8126497
12.261142482345136,5.8126507
12.26114248605281,5.81265
12.261142489165298,5.81265
12.261142491510677,5.8126497
12.26114249297406,5.8126497
12.261142493502318,5.8126493
12.261142493104652,5.8126497
12.26114249184913,5.81265
12.261142489855619,5.8126497
12.261142487285728,5.81265
12.26114248433054,5.81265
12.261142481197016,5.81265
12.261142478094015,5.81265
12.261142475218834,5.81265
12.261142472745101,5.81265
12.261142470812748,5.81265
12.261142469520605,5.8126507
12.261142468921955,5.81265
12.261142469023225,5.8126497
12.261142469785726,5.8126497
12.261142471130206,5.8126493
12.261142472943797,5.8126493
12.26114247508878,5.8126493
12.261142477412555,5.812649
12.261142479758094,5.8126493
12.261142481974199,5.8126497
12.26114248392492,5.8126493
12.261142485497551,5.8126497
12.261142486608788,5.8126497
12.261142487208703,5.8126497
12.261142487282406,5.8126497
12.261142486849389,5.8126497
12.261142485960695,5.8126497
12.261142484694197,5.8126493
12.26114248314838,5.81265
12.26114248143508,5.8126497
12.261142479671713,5.8126497
12.2611424779735,5.81265
12.261142476446187,5.81265
12.261142475179712,5.81265
12.261142474243172,5.81265
12.261142473681357,5.81265
12.261142473513,5.81265
12.26114247373078,5.81265
12.261142474302984,5.81265
12.261142475176664,5.8126497
12.261142476282002,5.8126493
12.26114247753756,5.8126497
12.261142478856026,5.81265
12.261142480150081,5.8126497
12.261142481337982,5.8126493
12.261142482348546,5.8126507
12.261142483125223,5.812651
12.261142483629039,5.8126507
12.261142483840286,5.8126507
12.261142483758901,5.81265
12.261142483403559,5.81265
12.261142482809618,5.81265
12.26114248202609,5.8126507
12.26114248111187,5.8126497
12.261142480131515,5.81265
12.261142479150843,5.8126497
12.261142478232665,5.8126507
12.261142477432903,5.81265
12.26114247679732,5.81265
12.261142476359058,5.8126497
12.261142476137106,5.8126497
12.261142476135722,5.8126493
12.261142476344848,5.8126497
12.261142476741405,5.81265
12.261142477291376,5.8126497
12.261142477952484,5.81265
12.261142478677284,5.81265
12.261142479416431,5.81265
12.261142480121936,5.81265
12.26114248075017,5.81265
12.261142481264457,5.81265
12.26114248163711,5.81265
12.261142481850783,5.8126507
12.261142481899107,5.81265
12.261142481786598,5.8126497
12.261142481527857,5.8126497
12.261142481146184,5.8126493
12.261142480671673,5.8126493
12.261142480138982,5.8126493
12.2611424795849,5.812649
12.261142479045889,5.8126493
12.261142478555772,5.8126497
12.261142478143684,5.8126493
12.261142477832422,5.8126497
12.261142477637279,5.8126497
12.261142477565407,5.8126497
12.261142477615738,5.8126497
12.261142477779426,5.8126497
12.261142478040773,5.8126497
12.26114247837855,5.8126493
12.261142478767614,5.81265
12.261142479180688,5.8126497
12.261142479590218,5.8126497
12.261142479970141,5.81265
12.261142480297494,5.81265
12.261142480553731,5.81265
12.261142480725718,5.81265
12.261142480806319,5.81265
12.261142480794575,5.81265
12.26114248069549,5.81265
12.261142480519425,5.81265
12.261142480281197,5.8126497
12.261142479998922,5.8126493
12.261142479692701,5.8126497
12.261142479383244,5.81265
12.261142479090516,5.8126497
12.261142478832493,5.8126493
12.2611424786241,5.8126507
12.261142478476398,5.812651
12.261142478396051,5.8126507
12.261142478385107,5.8126507
12.261142478441073,5.81265
12.261142478557286,5.81265
12.261142478723533,5.81265
12.261142478926866,5.8126507
12.261142479152557,5.8126497
12.261142479385128,5.81265
12.261142479609369,5.8126497
12.261142479811301,5.8126507
12.261142479979023,5.81265
12.261142480103368,5.81265
12.26114248017837,5.8126497
12.261142480201496,5.8126497
12.261142480173653,5.8126493
12.261142480098968,5.8126497
12.261142479984379,5.81265
12.261142479839059,5.8126497
12.261142479673728,5.81265
12.261142479499894,5.81265
12.261142479329079,5.81265
12.261142479172083,5.81265
12.261142479038323,5.81265
12.261142478935295,5.81265
12.261142478868182,5.81265
12.261142478839629,5.8126507
12.26114247884969,5.81265
12.261142478895945,5.8126497
12.261142478973767,5.8126497
12.26114247907672,5.8126493
12.261142479197053,5.8126493
12.261142479326264,5.8126493
12.261142479455668,5.812649
12.261142479576971,5.8126493
12.261142479682778,5.8126497
12.261142479767027,5.8126493
12.261142479825315,5.8126497
12.261142479855103,5.8126497
12.261142479855796,5.8126497
12.261142479828688,5.8126497
12.261142479776794,5.8126497
12.261142479704578,5.8126497
12.261142479617599,5.8126493
12.261142479522105,5.81265
12.261142479424603,5.8126497
12.26114247933143,5.8126497
12.26114247924835,5.81265
12.261142479180224,5.81265
12.261142479130722,5.81265
12.261142479102158,5.81265
12.2611424790954,5.81265
12.261142479109873,5.81265
12.261142479143677,5.81265
12.261142479193756,5.81265
12.261142479256156,5.8126497
12.261142479326313,5.8126493
12.261142479399378,5.8126497
12.26114247947054,5.81265
12.261142479535327,5.8126497
12.261142479589884,5.8126493
12.26114247963119,5.8126507
12.261142479657208,5.812651
12.261142479666978,5.8126507
12.261142479660618,5.8126507
12.26114247963928,5.81265
12.26114247960502,5.81265
12.261142479560625,5.81265
12.261142479509406,5.8126507
12.261142479454954,5.8126497
12.261142479400906,5.81265
12.261142479350704,5.8126497
12.261142479307386,5.8126507
12.26114247927341,5.81265
12.26114247925052,5.81265
12.261142479239673,5.8126497
12.261142479241009,5.8126497
12.261142479253882,5.8126493
12.261142479276938,5.8126497
12.26114247930823,5.81265
12.261142479345375,5.8126497
12.261142479385727,5.81265
12.261142479426555,5.81265
12.26114247946522,5.81265
12.261142479499348,5.81265
12.261142479526962,5.81265
12.261142479546592,5.81265
12.26114247955735,5.81265
12.261142479558954,5.8126507
12.261142479551724,5.81265
12.26114247953653,5.8126497
12.261142479514708,5.8126497
12.261142479487964,5.8126493
12.261142479458234,5.8126493
12.261142479427562,5.8126493
12.261142479397954,5.812649
12.261142479371255,5.8126493
12.261142479349044,5.8126497
12.261142479332536,5.8126493
12.261142479322524,5.8126497
12.261142479319352,5.8126497
12.261142479322908,5.8126497
12.261142479332655,5.8126497
12.261142479347683,5.8126497
12.261142479366788,5.8126497
12.261142479388557,5.8126493
12.261142479411475,5.81265
12.261142479434023,5.8126497
12.26114247945477,5.8126497
12.261142479472475,5.81265
12.261142479486141,5.81265
12.26114247949508,5.81265
12.261142479498936,5.81265
12.261142479497698,5.81265
12.261142479491678,5.81265
12.261142479481482,5.81265
12.261142479467955,5.81265
12.261142479452117,5.8126497
12.261142479435087,5.8126493
12.26114247941801,5.8126497
12.261142479401984,5.81265
12.261142479387987,5.8126497
12.26114247937682,5.8126493
12.261142479369068,5.8126507
12.261142479365072,5.812651
12.261142479364914,5.8126507
12.261142479368425,5.8126507
12.261142479375216,5.81265
12.261142479384699,5.81265
12.261142479396142,5.81265
12.261142479408724,5.8126507
12.261142479421585,5.8126497
12.26114247943389,5.81265
12.261142479444876,5.8126497
12.2611424794539,5.8126507
12.261142479460474,5.81265
12.261142479464292,5.81265
12.261142479465235,5.8126497
12.261142479463373,5.8126497
12.261142479458957,5.8126493
12.261142479452387,5.8126497
12.261142479444182,5.81265
12.261142479434943,5.8126497
12.261142479425308,5.81265
12.261142479415913,5.81265
12.261142479407349,5.81265
12.261142479400126,5.81265
12.261142479394644,5.81265
12.261142479391175,5.81265
12.261142479389848,5.81265
12.26114247939065,5.8126507
12.261142479393431,5.81265
12.261142479397922,5.8126497
12.261142479403757,5.8126497
12.2611424794105,5.8126493
12.261142479417678,5.8126493
12.26114247942481,5.8126493
12.261142479431443,5.812649
12.261142479437176,5.8126493
12.26114247944168,5.8126497
12.261142479444727,5.8126493
12.261142479446185,5.8126497
12.261142479446038,5.8126497
12.261142479444366,5.8126497
12.261142479441348,5.8126497
12.261142479437238,5.8126497
12.26114247943235,5.8126497
12.261142479427033,5.8126493
12.261142479421647,5.81265
12.26114247941654,5.8126497
12.261142479412026,5.8126497
12.261142479408367,5.81265
12.261142479405757,5.81265
12.261142479404317,5.81265
12.261142479404084,5.81265
12.261142479405018,5.81265
12.261142479407004,5.81265
12.261142479409868,5.81265
12.261142479413385,5.81265
12.261142479417302,5.8126497
12.261142479421347,5.8126493
12.261142479425256,5.8126497
12.261142479428786,5.81265
12.261142479431728,5.8126497
12.26114247943392,5.8126493
12.261142479435255,5.8126507
12.26114247943569,5.812651
12.261142479435238,5.8126507
12.261142479433966,5.8126507
12.261142479431996,5.81265
12.261142479429484,5.81265
12.261142479426617,5.81265
12.261142479423595,5.8126507
12.26114247942062,5.8126497
12.261142479417877,5.81265
12.261142479415534,5.8126497
12.261142479413722,5.8126507
12.261142479412532,5.81265
12.261142479412012,5.81265
12.261142479412163,5.8126497
12.261142479412946,5.8126497
12.261142479414282,5.8126493
12.26114247941606,5.8126497
12.261142479418146,5.81265
12.26114247942039,5.8126497
12.261142479422642,5.81265
12.261142479424759,5.81265
12.26114247942661,5.81265
12.26114247942809,5.81265
12.26114247942912,5.81265
12.261142479429656,5.81265
12.261142479429687,5.81265
12.261142479429232,5.8126507
12.261142479428344,5.81265
12.261142479427098,5.8126497
12.261142479425592,5.8126497
12.261142479423935,5.8126493
12.261142479422238,5.8126493
12.261142479420613,5.8126493
12.26114247941916,5.812649
12.261142479417964,5.8126493
12.26114247941709,5.8126497
12.26114247941658,5.8126493
12.26114247941645,5.8126497
12.261142479416689,5.8126497
12.261142479417266,5.8126497
12.261142479418128,5.8126497
12.261142479419206,5.8126497
12.261142479420423,5.8126497
12.261142479421693,5.8126493
12.261142479422933,5.81265
12.261142479424064,5.8126497
12.26114247942502,5.8126497
12.261142479425747,5.81265
12.261142479426208,5.81265
12.261142479426388,5.81265
12.261142479426287,5.81265
12.261142479425924,5.81265
12.261142479425336,5.81265
12.261142479424569,5.81265
12.26114247942368,5.81265
12.261142479422734,5.8126497
12.261142479421792,5.8126493
12.261142479420917,5.8126497
12.261142479420158,5.81265
12.261142479419561,5.8126497
12.261142479419156,5.8126493
12.261142479418961,5.8126507
12.261142479418977,5.812651
12.261142479419194,5.8126507
12.261142479419588,5.8126507
12.261142479420128,5.81265
12.261142479420771,5.81265
12.261142479421471,5.81265
12.261142479422181,5.8126507
12.261142479422857,5.8126497
12.261142479423453,5.81265
12.261142479423938,5.8126497
12.261142479424285,5.8126507
12.261142479424478,5.81265
12.261142479424512,5.81265
12.261142479424391,5.8126497
12.261142479424132,5.8126497
12.261142479423755,5.8126493
12.261142479423293,5.8126497
12.261142479422778,5.81265
12.261142479422245,5.8126497
12.261142479421729,5.81265
12.261142479421261,5.81265
12.261142479420872,5.81265
12.261142479420581,5.81265
12.261142479420403,5.81265
12.261142479420345,5.81265
12.261142479420403,5.81265
12.261142479420569,5.8126507
12.261142479420826,5.81265
12.261142479421157,5.8126497
12.261142479421533,5.8126497
12.261142479421931,5.8126493
12.261142479422324,5.8126493
12.261142479422686,5.8126493
12.261142479422997,5.812649
12.261142479423237,5.8126493
12.261142479423395,5.8126497
12.261142479423466,5.8126493
12.261142479423448,5.8126497
12.261142479423347,5.8126497
12.261142479423171,5.8126497
12.261142479422938,5.8126497
12.261142479422665,5.8126497
12.261142479422368,5.8126497
12.261142479422071,5.8126493
12.261142479421792,5.81265
12.261142479421547,5.8126497
12.261142479421352,5.8126497
12.261142479421215,5.81265
12.261142479421144,5.81265
12.261142479421139,5.81265
12.261142479421197,5.81265
12.261142479421313,5.81265
12.261142479421476,5.81265
12.261142479421673,5.81265
12.261142479421892,5.81265
12.261142479422116,5.8126497
12.26114247942233,5.8126493
12.261142479422523,5.8126497
12.26114247942268,5.81265
12.261142479422796,5.8126497
12.261142479422864,5.8126493
12.261142479422881,5.8126507
12.261142479422851,5.812651
12.261142479422777,5.8126507
12.261142479422663,5.8126507
12.26114247942252,5.81265
12.261142479422361,5.81265
12.261142479422194,5.81265
12.26114247942203,5.8126507
12.261142479421881,5.8126497
12.261142479421755,5.81265
12.26114247942166,5.8126497
12.261142479421597,5.8126507
12.261142479421572,5.81265
12.261142479421585,5.81265
12.261142479421633,5.8126497
12.261142479421709,5.8126497
12.26114247942181,5.8126493
12.261142479421927,5.8126497
12.261142479422052,5.81265
12.261142479422176,5.8126497
12.261142479422292,5.81265
12.261142479422391,5.81265
12.261142479422471,5.81265
12.261142479422524,5.81265
12.261142479422551,5.81265
12.26114247942255,5.81265
12.26114247942252,5.81265
12.26114247942247,5.8126507
12.261142479422398,5.81265
12.261142479422313,5.8126497
12.26114247942222,5.8126497
12.261142479422126,5.8126493
12.261142479422038,5.8126493
12.26114247942196,5.8126493
12.261142479421896,5.812649
12.26114247942185,5.8126493
12.261142479421823,5.8126497
12.261142479421817,5.8126493
12.261142479421833,5.8126497
12.261142479421867,5.8126497
12.261142479421917,5.8126497
12.261142479421977,5.8126497
12.261142479422045,5.8126497
12.261142479422116,5.8126497
12.261142479422183,5.8126493
12.261142479422245,5.81265
12.261142479422297,5.8126497
12.261142479422336,5.8126497
12.26114247942236,5.81265
12.261142479422368,5.81265
12.261142479422361,5.81265
12.26114247942234,5.81265
12.261142479422306,5.81265
12.261142479422263,5.81265
12.261142479422213,5.81265
12.26114247942216,5.81265
12.261142479422109,5.8126497
12.26114247942206,5.8126493
12.26114247942202,5.8126497
12.261142479421988,5.81265
12.261142479421967,5.8126497
12.261142479421958,5.8126493
12.26114247942196,5.8126507
12.261142479421972,5.812651
12.261142479421995,5.8126507
12.261142479422025,5.8126507
12.26114247942206,5.81265
12.2611424794221,5.81265
12.261142479422139,5.81265
12.261142479422176,5.8126507
12.261142479422208,5.8126497
12.261142479422235,5.81265
12.261142479422253,5.8126497
12.261142479422261,5.8126507
12.261142479422261,5.81265
12.261142479422254,5.81265
12.261142479422238,5.8126497
12.261142479422217,5.8126497
12.26114247942219,5.8126493
12.261142479422162,5.8126497
12.261142479422132,5.81265
12.261142479422103,5.8126497
12.261142479422078,5.81265
12.261142479422057,5.81265
12.261142479422041,5.81265
12.261142479422032,5.81265
12.26114247942203,5.81265
12.261142479422034,5.81265
12.261142479422045,5.81265
12.261142479422059,5.8126507
12.261142479422078,5.81265
12.2611424794221,5.8126497
12.261142479422121,5.8126497
12.261142479422142,5.8126493
12.261142479422162,5.8126493
12.261142479422178,5.8126493
12.26114247942219,5.812649
12.2611424794222,5.8126493
12.261142479422203,5.8126497
12.261142479422201,5.8126493
12.261142479422196,5.8126497
12.261142479422185,5.8126497
12.261142479422173,5.8126497
12.261142479422157,5.8126497
12.26114247942214,5.8126497
12.261142479422125,5.8126497
12.261142479422109,5.8126493
12.261142479422096,5.81265
12.261142479422086,5.8126497
12.261142479422078,5.8126497
12.261142479422075,5.81265
12.261142479422075,5.81265
12.261142479422078,5.81265
12.261142479422086,5.81265
12.261142479422094,5.81265
12.261142479422105,5.81265
12.261142479422118,5.81265
12.26114247942213,5.81265
12.261142479422142,5.8126497
12.261142479422153,5.8126493
12.261142479422162,5.8126497
12.261142479422167,5.81265
12.26114247942217,5.8126497
12.26114247942217,5.8126493
12.261142479422169,5.8126507
12.261142479422166,5.812651
12.261142479422158,5.8126507
12.26114247942215,5.8126507
12.26114247942214,5.81265
12.261142479422132,5.81265
12.261142479422123,5.81265
12.261142479422114,5.8126507
12.261142479422107,5.8126497
12.261142479422102,5.81265
12.261142479422098,5.8126497
12.261142479422096,5.8126507
12.261142479422098,5.81265
12.261142479422102,5.81265
12.261142479422107,5.8126497
12.261142479422112,5.8126497
12.26114247942212,5.8126493
12.261142479422126,5.8126497
12.261142479422134,5.81265
12.26114247942214,5.8126497
12.261142479422146,5.81265
12.26114247942215,5.81265
12.261142479422153,5.81265
12.261142479422155,5.81265
12.261142479422155,5.81265
12.261142479422153,5.81265
12.26114247942215,5.81265
12.261142479422146,5.8126507
12.26114247942214,5.81265
12.261142479422135,5.8126497
12.26114247942213,5.8126497
12.261142479422125,5.8126493
12.261142479422121,5.8126493
12.261142479422118,5.8126493
12.261142479422116,5.812649
12.261142479422114,5.8126493
12.261142479422114,5.8126497
12.261142479422116,5.8126493
12.261142479422118,5.8126497
12.261142479422121,5.8126497
12.261142479422125,5.8126497
12.261142479422128,5.8126497
12.261142479422132,5.8126497
12.261142479422135,5.8126497
12.261142479422139,5.8126493
12.261142479422142,5.81265
12.261142479422144,5.8126497
12.261142479422146,5.8126497
12.261142479422146,5.81265
12.261142479422146,5.81265
12.261142479422144,5.81265
12.261142479422142,5.81265
12.26114247942214,5.81265
12.261142479422137,5.81265
12.261142479422134,5.81265
12.26114247942213,5.81265
12.261142479422128,5.8126497
12.261142479422126,5.8126493
12.261142479422125,5.8126497
12.261142479422123,5.81265
12.261142479422123,5.8126497
12.261142479422123,5.8126493
12.261142479422123,5.8126507
12.261142479422125,5.812651
12.261142479422126,5.8126507
12.261142479422128,5.8126507
12.26114247942213,5.81265
12.261142479422132,5.81265
12.261142479422134,5.81265
12.261142479422135,5.8126507
12.261142479422137,5.8126497
12.261142479422139,5.81265
12.261142479422139,5.8126497
12.261142479422139,5.8126507
12.261142479422139,5.81265
12.261142479422139,5.81265
12.261142479422137,5.8126497
12.261142479422135,5.8126497
12.261142479422134,5.8126493
12.261142479422132,5.8126497
12.26114247942213,5.81265
12.261142479422128,5.8126497
12.261142479422126,5.81265
12.261142479422126,5.81265
12.261142479422126,5.81265
12.261142479422126,5.81265
12.261142479422126,5.81265
12.261142479422126,5.81265
12.261142479422126,5.81265
12.261142479422128,5.8126507
12.26114247942213,5.81265
12.261142479422132,5.8126497
12.261142479422134,5.8126497
12.261142479422135,5.8126493
12.261142479422137,5.8126493
12.261142479422137,5.8126493
12.261142479422137,5.812649
12.261142479422137,5.8126493
12.261142479422137,5.8126497
12.261142479422137,5.8126493
12.261142479422137,5.8126497
12.261142479422137,5.8126497
12.261142479422137,5.8126497
12.261142479422135,5.8126497
12.261142479422134,5.8126497
12.261142479422134,5.8126497
12.261142479422134,5.8126493
12.261142479422134,5.81265
12.261142479422134,5.8126497
12.261142479422134,5.8126497
12.261142479422134,5.81265
12.261142479422134,5.81265
12.261142479422134,5.81265
12.261142479422134,5.81265
12.261142479422134,5.81265
12.261142479422134,5.81265
12.261142479422134,5.81265
12.261142479422134,5.81265
12.261142479422134,5.8126497
12.261142479422134,5.8126493
12.261142479422134,5.8126497
12.261142479422134,5.81265
12.261142479422134,5.8126497
12.261142479422134,5.8126493
12.261142479422134,5.8126507
12.261142479422134,5.812651
12.261142479422134,5.8126507
12.261142479422134,5.8126507
12.261142479422134,5.81265
12.261142479422134,5.81265
12.261142479422134,5.81265
12.261142479422134,5.8126507
12.261142479422134,5.8126497
12.261142479422134,5.81265
12.261142479422134,5.8126497
12.261142479422134,5.8126507
12.261142479422134,5.81265
12.261142479422134,5.81265
12.261142479422134,5.8126497
12.261142479422134,5.8126497
12.261142479422134,5.8126493
12.261142479422134,5.8126497
12.261142479422134,5.81265
12.261142479422134,5.8126497
12.261142479422134,5.81265
12.261142479422134,5.81265
12.261142479422134,5.81265
12.261142479422134,5.81265
12.261142479422134,5.81265
12.261142479422134,5.81265
12.261142479422134,5.81265
12.261142479422134,5.8126507
12.261142479422134,5.81265
12.261142479422134,5.8126497
12.261142479422134,5.8126497
12.261142479422134,5.8126493
12.261142479422134,5.8126493
12.261142479422134,5.8126493
12.261142479422134,5.812649
12.261142479422134,5.8126493
12.261142479422134,5.8126497
12.261142479422134,5.8126493
12.261142479422134,5.8126497
12.261142479422134,5.8126497
12.261142479422134,5.8126497
12.261142479422134,5.8126497
12.261142479422134,5.8126497
12.261142479422134,5.8126497
12.261142479422134,5.8126493
12.261142479422134,5.81265
12.261142479422134,5.8126497
12.261142479422134,5.8126497
12.261142479422134,5.81265
12.261142479422134,5.81265
12.261142479422134,5.81265
12.261142479422134,5.81265
12.261142479422134,5.81265
12.261142479422134,5.81265
12.261142479422134,5.81265
12.261142479422134,5.81265
12.261142479422134,5.8126497
12.261142479422134,5.8126493
12.261142479422134,5.8126497
12.261142479422134,5.81265
12.261142479422134,5.8126497
12.261142479422134,5.8126493
12.261142479422134,5.8126507
12.261142479422134,5.812651
12.261142479422134,5.8126507
12.261142479422134,5.8126507
12.261142479422134,5.81265
12.261142479422134,5.81265
12.261142479422134,5.81265
12.261142479422134,5.8126507
12.261142479422134,5.8126497
12.261142479422134,5.81265
12.261142479422134,5.8126497
12.261142479422134,5.8126507
12.261142479422134,5.81265
12.261142479422134,5.81265
12.261142479422134,5.8126497
12.261142479422134,5.8126497
12.261142479422134,5.8126493
12.261142479422134,5.8126497
12.261142479422134,5.81265
12.261142479422134,5.8126497
12.261142479422134,5.81265
12.261142479422134,5.81265
12.261142479422134,5.81265
12.261142479422134,5.81265
12.261142479422134,5.81265
12.261142479422134,5.81265
12.261142479422134,5.81265
12.261142479422134,5.8126507
12.261142479422134,5.81265
12.261142479422134,5.8126497
12.261142479422134,5.8126497
12.261142479422134,5.8126493
12.261142479422134,5.8126493
12.261142479422134,5.8126493
12.261142479422134,5.812649
12.261142479422134,5.8126493
12.261142479422134,5.8126497
12.261142479422134,5.8126493
12.261142479422134,5.8126497
12.261142479422134,5.8126497
12.261142479422134,5.8126497
12.261142479422134,5.8126497
12.261142479422134,5.8126497
12.261142479422134,5.8126497
12.261142479422134,5.8126493
12.261142479422134,5.81265
12.261142479422134,5.8126497
12.261142479422134,5.8126497
12.261142479422134,5.81265
12.261142479422134,5.81265
12.261142479422134,5.81265
12.261142479422134,5.81265
12.261142479422134,5.81265
12.261142479422134,5.81265
12.261142479422134,5.81265
12.261142479422134,5.81265
12.261142479422134,5.8126497
12.261142479422134,5.8126493
12.261142479422134,5.8126497
12.261142479422134,5.81265
12.261142479422134,5.8126497
12.261142479422134,5.8126493
12.261142479422134,5.8126507
12.261142479422134,5.812651
12.261142479422134,5.8126507
12.261142479422134,5.8126507
12.261142479422134,5.81265
12.261142479422134,5.81265
12.261142479422134,5.81265
12.261142479422134,5.8126507
12.261142479422134,5.8126497
12.261142479422134,5.81265
12.261142479422134,5.8126497
12.261142479422134,5.8126507
12.261142479422134,5.81265
12.261142479422134,5.81265
12.261142479422134,5.8126497
12.261142479422134,5.8126497
12.261142479422134,5.8126493
12.261142479422134,5.8126497
12.261142479422134,5.81265
12.261142479422134,5.8126497
12.261142479422134,5.81265
12.261142479422134,5.81265
12.261142479422134,5.81265
12.261142479422134,5.81265
12.261142479422134,5.81265
12.261142479422134,5.81265
12.261142479422134,5.81265
12.261142479422134,5.8126507
12.261142479422134,5.81265
12.261142479422134,5.8126497
12.261142479422134,5.8126497
12.261142479422134,5.8126493
12.261142479422134,5.8126493
12.261142479422134,5.8126493
12.261142479422134,5.812649
12.261142479422134,5.8126493
12.261142479422134,5.8126497
12.261142479422134,5.8126493
12.261142479422134,5.8126497
12.261142479422134,5.8126497
12.261142479422134,5.8126497
12.261142479422134,5.8126497
12.261142479422134,5.8126497
12.261142479422134,5.8126497
12.261142479422134,5.8126493
12.261142479422134,5.81265
12.261142479422134,5.8126497
12.261142479422134,5.8126497
12.261142479422134,5.81265
12.261142479422134,5.81265
12.261142479422134,5.81265
12.261142479422134,5.81265
12.261142479422134,5.81265
12.261142479422134,5.81265
12.261142479422134,5.81265
12.261142479422134,5.81265
12.261142479422134,5.8126497
12.261142479422134,5.8126493
12.261142479422134,5.8126497
12.261142479422134,5.81265
12.261142479422134,5.8126497
12.261142479422134,5.8126493
12.261142479422134,5.8126507
12.261142479422134,5.812651
12.261142479422134,5.8126507
12.261142479422134,5.8126507
12.261142479422134,5.81265
12.261142479422134,5.81265
12.261142479422134,5.81265
12.261142479422134,5.8126507
12.261142479422134,5.8126497
12.261142479422134,5.81265
12.261142479422134,5.8126497
12.261142479422134,5.8126507
12.261142479422134,5.81265
12.261142479422134,5.81265
12.261142479422134,5.8126497
12.261142479422134,5.8126497
12.261142479422134,5.8126493
12.261142479422134,5.8126497
12.261142479422134,5.81265
12.261142479422134,5.8126497
12.261142479422134,5.81265
12.261142479422134,5.81265
12.261142479422134,5.81265
12.261142479422134,5.81265
12.261142479422134,5.81265
12.261142479422134,5.81265
12.261142479422134,5.81265
12.261142479422134,5.8126507
12.261142479422134,5.81265
12.261142479422134,5.8126497
12.261142479422134,5.8126497
12.261142479422134,5.8126493
12.261142479422134,5.8126493
12.261142479422134,5.8126493
12.261142479422134,5.812649
12.261142479422134,5.8126493
12.261142479422134,5.8126497
12.261142479422134,5.8126493
12.261142479422134,5.8126497
12.261142479422134,5.8126497
12.261142479422134,5.8126497
12.261142479422134,5.8126497
12.261142479422134,5.8126497
12.261142479422134,5.8126497
12.261142479422134,5.8126493
12.261142479422134,5.81265
12.261142479422134,5.8126497
12.261142479422134,5.8126497
12.261142479422134,5.81265
12.261142479422134,5.81265
12.261142479422134,5.81265
12.261142479422134,5.81265
12.261142479422134,5.81265
12.261142479422134,5.81265
12.261142479422134,5.81265
12.261142479422134,5.81265
12.261142479422134,5.8126497
12.261142479422134,5.8126493
12.261142479422134,5.8126497
12.261142479422134,5.81265
12.261142479422134,5.8126497
12.261142479422134,5.8126493
12.261142479422134,5.8126507
12.261142479422134,5.812651
12.261142479422134,5.8126507
12.261142479422134,5.8126507
12.261142479422134,5.81265
12.261142479422134,5.81265
12.261142479422134,5.81265
12.261142479422134,5.8126507
12.261142479422134,5.8126497
12.261142479422134,5.81265
12.261142479422134,5.8126497
12.261142479422134,5.8126507
12.261142479422134,5.81265
12.261142479422134,5.81265
12.261142479422134,5.8126497
12.261142479422134,5.8126497
12.261142479422134,5.8126493
12.261142479422134,5.8126497
12.261142479422134,5.81265
12.261142479422134,5.8126497
12.261142479422134,5.81265
12.261142479422134,5.81265
12.261142479422134,5.81265
12.261142479422134,5.81265
12.261142479422134,5.81265
12.261142479422134,5.81265
12.261142479422134,5.81265
12.261142479422134,5.8126507
12.261142479422134,5.81265
12.261142479422134,5.8126497
12.261142479422134,5.8126497
12.261142479422134,5.8126493
12.261142479422134,5.8126493
12.261142479422134,5.8126493
12.261142479422134,5.812649
12.261142479422134,5.8126493
12.261142479422134,5.8126497
12.261142479422134,5.8126493
12.261142479422134,5.8126497
12.261142479422134,5.8126497
12.261142479422134,5.8126497
12.261142479422134,5.8126497
12.261142479422134,5.8126497
12.261142479422134,5.8126497
12.261142479422134,5.8126493
12.261142479422134,5.81265
12.261142479422134,5.8126497
12.261142479422134,5.8126497
12.261142479422134,5.81265
12.261142479422134,5.81265
12.261142479422134,5.81265
12.261142479422134,5.81265
12.261142479422134,5.81265
12.261142479422134,5.81265
12.261142479422134,5.81265
12.261142479422134,5.81265
12.261142479422134,5.8126497
12.261142479422134,5.8126493
12.261142479422134,5.8126497
12.261142479422134,5.81265
12.261142479422134,5.8126497
12.261142479422134,5.8126493
12.261142479422134,5.8126507
12.261142479422134,5.812651
12.261142479422134,5.8126507
12.261142479422134,5.8126507
12.261142479422134,5.81265
12.261142479422134,5.81265
12.261142479422134,5.81265
12.261142479422134,5.8126507
12.261142479422134,5.8126497
12.261142479422134,5.81265
12.261142479422134,5.8126497
12.261142479422134,5.8126507
12.261142479422134,5.81265
12.261142479422134,5.81265
12.261142479422134,5.8126497
12.261142479422134,5.8126497
12.261142479422134,5.8126493
12.261142479422134,5.8126497
12.261142479422134,5.81265
12.261142479422134,5.8126497
12.261142479422134,5.81265
12.261142479422134,5.81265
12.261142479422134,5.81265
12.261142479422134,5.81265
12.261142479422134,5.81265
12.261142479422134,5.81265
12.261142479422134,5.81265
12.261142479422134,5.8126507
12.261142479422134,5.81265
12.261142479422134,5.8126497
12.261142479422134,5.8126497
12.261142479422134,5.8126493
12.261142479422134,5.8126493
12.261142479422134,5.8126493
12.261142479422134,5.812649
12.261142479422134,5.8126493
12.261142479422134,5.8126497
12.261142479422134,5.8126493
12.261142479422134,5.8126497
12.261142479422134,5.8126497
12.261142479422134,5.8126497
12.261142479422134,5.8126497
12.261142479422134,5.8126497
12.261142479422134,5.8126497
12.261142479422134,5.8126493
12.261142479422134,5.81265
12.261142479422134,5.8126497
12.261142479422134,5.8126497
12.261142479422134,5.81265
12.261142479422134,5.81265
12.261142479422134,5.81265
12.261142479422134,5.81265
12.261142479422134,5.81265
12.261142479422134,5.81265
12.261142479422134,5.81265
12.261142479422134,5.81265
12.261142479422134,5.8126497
12.261142479422134,5.8126493
12.261142479422134,5.8126497
12.261142479422134,5.81265
12.261142479422134,5.8126497
12.261142479422134,5.8126493
12.261142479422134,5.8126507
12.261142479422134,5.812651
12.261142479422134,5.8126507
12.261142479422134,5.8126507
12.261142479422134,5.81265
12.261142479422134,5.81265
12.261142479422134,5.81265
12.261142479422134,5.8126507
12.261142479422134,5.8126497
12.261142479422134,5.81265
12.261142479422134,5.8126497
12.261142479422134,5.8126507
12.261142479422134,5.81265
12.261142479422134,5.81265
12.261142479422134,5.8126497
12.261142479422134,5.8126497
12.261142479422134,5.8126493
12.261142479422134,5.8126497
12.261142479422134,5.81265
12.261142479422134,5.8126497
12.261142479422134,5.81265
12.261142479422134,5.81265
12.261142479422134,5.81265
12.261142479422134,5.81265
12.261142479422134,5.81265
12.261142479422134,5.81265
12.261142479422134,5.81265
12.261142479422134,5.8126507
12.261142479422134,5.81265
12.261142479422134,5.8126497
12.261142479422134,5.8126497
12.261142479422134,5.8126493
12.261142479422134,5.8126493
12.261142479422134,5.8126493
12.261142479422134,5.812649
12.261142479422134,5.8126493
12.261142479422134,5.8126497
12.261142479422134,5.8126493
12.261142479422134,5.8126497
12.261142479422134,5.8126497
12.261142479422134,5.8126497
12.261142479422134,5.8126497
12.261142479422134,5.8126497
12.261142479422134,5.8126497
12.261142479422134,5.8126493
12.261142479422134,5.81265
12.261142479422134,5.8126497
12.261142479422134,5.8126497
12.261142479422134,5.81265
12.261142479422134,5.81265
12.261142479422134,5.81265
12.261142479422134,5.81265
12.261142479422134,5.81265
12.261142479422134,5.81265
12.261142479422134,5.81265
12.261142479422134,5.81265
12.261142479422134,5.8126497
12.261142479422134,5.8126493
12.261142479422134,5.8126497
12.261142479422134,5.81265
12.261142479422134,5.8126497
12.261142479422134,5.8126493
12.261142479422134,5.8126507
12.261142479422134,5.812651
12.261142479422134,5.8126507
12.261142479422134,5.8126507
12.261142479422134,5.81265
12.261142479422134,5.81265
12.261142479422134,5.81265
12.261142479422134,5.8126507
12.261142479422134,5.8126497
12.261142479422134,5.81265
12.261142479422134,5.8126497
12.261142479422134,5.8126507
12.261142479422134,5.81265
12.261142479422134,5.81265
12.261142479422134,5.8126497
12.261142479422134,5.8126497
12.261142479422134,5.8126493
12.261142479422134,5.8126497
12.261142479422134,5.81265
12.261142479422134,5.8126497
12.261142479422134,5.81265
12.261142479422134,5.81265
12.261142479422134,5.81265
12.261142479422134,5.81265
12.261142479422134,5.81265
12.261142479422134,5.81265
12.261142479422134,5.81265
12.261142479422134,5.8126507
12.261142479422134,5.81265
12.261142479422134,5.8126497
12.261142479422134,5.8126497
12.261142479422134,5.8126493
12.261142479422134,5.8126493
12.261142479422134,5.8126493
12.261142479422134,5.812649
12.261142479422134,5.8126493
12.261142479422134,5.8126497
12.261142479422134,5.8126493
12.261142479422134,5.8126497
12.261142479422134,5.8126497
12.261142479422134,5.8126497
12.261142479422134,5.8126497
12.261142479422134,5.8126497
12.261142479422134,5.8126497
12.261142479422134,5.8126493
12.261142479422134,5.81265
12.261142479422134,5.8126497
12.261142479422134,5.8126497
12.261142479422134,5.81265
12.261142479422134,5.81265
12.261142479422134,5.81265
12.261142479422134,5.81265
12.261142479422134,5.81265
12.261142479422134,5.81265
12.261142479422134,5.81265
12.261142479422134,5.81265
12.261142479422134,5.8126497
12.261142479422134,5.8126493
12.261142479422134,5.8126497
12.261142479422134,5.81265
12.261142479422134,5.8126497
12.261142479422134,5.8126493
12.261142479422134,5.8126507
12.261142479422134,5.812651
12.261142479422134,5.8126507
12.261142479422134,5.8126507
12.261142479422134,5.81265
12.261142479422134,5.81265
12.261142479422134,5.81265
12.261142479422134,5.8126507
12.261142479422134,5.8126497
12.261142479422134,5.81265
12.261142479422134,5.8126497
12.261142479422134,5.8126507
12.261142479422134,5.81265
12.261142479422134,5.81265
12.261142479422134,5.8126497
12.261142479422134,5.8126497
12.261142479422134,5.8126493
12.261142479422134,5.8126497
12.261142479422134,5.81265
12.261142479422134,5.8126497
12.261142479422134,5.81265
12.261142479422134,5.81265
12.261142479422134,5.81265
12.261142479422134,5.81265
12.261142479422134,5.81265
12.261142479422134,5.81265
12.261142479422134,5.81265
12.261142479422134,5.8126507
12.261142479422134,5.81265
12.261142479422134,5.8126497
12.261142479422134,5.8126497
12.261142479422134,5.8126493
12.261142479422134,5.8126493
12.261142479422134,5.8126493
12.261142479422134,5.812649
12.261142479422134,5.8126493
12.261142479422134,5.8126497
12.261142479422134,5.8126493
12.261142479422134,5.8126497
12.261142479422134,5.8126497
12.261142479422134,5.8126497
12.261142479422134,5.8126497
12.261142479422134,5.8126497
12.261142479422134,5.8126497
12.261142479422134,5.8126493
12.261142479422134,5.81265
12.261142479422134,5.8126497
12.261142479422134,5.8126497
12.261142479422134,5.81265
12.261142479422134,5.81265
12.261142479422134,5.81265
12.261142479422134,5.81265
12.261142479422134,5.81265
12.261142479422134,5.81265
12.261142479422134,5.81265
12.261142479422134,5.81265
12.261142479422134,5.8126497
12.261142479422134,5.8126493
12.261142479422134,5.8126497
12.261142479422134,5.81265
12.261142479422134,5.8126497
12.261142479422134,5.8126493
12.261142479422134,5.8126507
12.261142479422134,5.812651
12.261142479422134,5.8126507
12.261142479422134,5.8126507
12.261142479422134,5.81265
12.261142479422134,5.81265
12.261142479422134,5.81265
12.261142479422134,5.8126507
12.261142479422134,5.8126497
12.261142479422134,5.81265
12.261142479422134,5.8126497
12.261142479422134,5.8126507
12.261142479422134,5.81265
12.261142479422134,5.81265
12.261142479422134,5.8126497
12.261142479422134,5.8126497
12.261142479422134,5.8126493
12.261142479422134,5.8126497
12.261142479422134,5.81265
12.261142479422134,5.8126497
12.261142479422134,5.81265
12.261142479422134,5.81265
12.261142479422134,5.81265
12.261142479422134,5.81265
12.261142479422134,5.81265
12.261142479422134,5.81265
12.261142479422134,5.81265
12.261142479422134,5.8126507
12.261142479422134,5.81265
12.261142479422134,5.8126497
12.261142479422134,5.8126497
12.261142479422134,5.8126493
12.261142479422134,5.8126493
12.261142479422134,5.8126493
12.261142479422134,5.812649
12.261142479422134,5.8126493
12.261142479422134,5.8126497
12.261142479422134,5.8126493
12.261142479422134,5.8126497
12.261142479422134,5.8126497
12.261142479422134,5.8126497
12.261142479422134,5.8126497
12.261142479422134,5.8126497
12.261142479422134,5.8126497
12.261142479422134,5.8126493
12.261142479422134,5.81265
12.261142479422134,5.8126497
12.261142479422134,5.8126497
12.261142479422134,5.81265
12.261142479422134,5.81265
12.261142479422134,5.81265
12.261142479422134,5.81265
12.261142479422134,5.81265
12.261142479422134,5.81265
12.261142479422134,5.81265
12.261142479422134,5.81265
12.261142479422134,5.8126497
12.261142479422134,5.8126493
12.261142479422134,5.8126497
12.261142479422134,5.81265
12.261142479422134,5.8126497
12.261142479422134,5.8126493
12.261142479422134,5.8126507
12.261142479422134,5.812651
12.261142479422134,5.8126507
12.261142479422134,5.8126507
12.261142479422134,5.81265
12.261142479422134,5.81265
12.261142479422134,5.81265
12.261142479422134,5.8126507
12.261142479422134,5.8126497
12.261142479422134,5.81265
12.261142479422134,5.8126497
12.261142479422134,5.8126507
12.261142479422134,5.81265
12.261142479422134,5.81265
12.261142479422134,5.8126497
12.261142479422134,5.8126497
12.261142479422134,5.8126493
12.261142479422134,5.8126497
12.261142479422134,5.81265
12.261142479422134,5.8126497
12.261142479422134,5.81265
12.261142479422134,5.81265
12.261142479422134,5.81265
12.261142479422134,5.81265
12.261142479422134,5.81265
12.261142479422134,5.81265
12.261142479422134,5.81265
12.261142479422134,5.8126507
12.261142479422134,5.81265
12.261142479422134,5.8126497
12.261142479422134,5.8126497
12.261142479422134,5.8126493
12.261142479422134,5.8126493
12.261142479422134,5.8126493
12.261142479422134,5.812649
12.261142479422134,5.8126493
12.261142479422134,5.8126497
12.261142479422134,5.8126493
12.261142479422134,5.8126497
12.261142479422134,5.8126497
12.261142479422134,5.8126497
12.261142479422134,5.8126497
12.261142479422134,5.8126497
12.261142479422134,5.8126497
12.261142479422134,5.8126493
12.261142479422134,5.81265
12.261142479422134,5.8126497
12.261142479422134,5.8126497
12.261142479422134,5.81265
12.261142479422134,5.81265
12.261142479422134,5.81265
12.261142479422134,5.81265
12.261142479422134,5.81265
12.261142479422134,5.81265
12.261142479422134,5.81265
12.261142479422134,5.81265
12.261142479422134,5.8126497
12.261142479422134,5.8126493
12.261142479422134,5.8126497
12.261142479422134,5.81265
12.261142479422134,5.8126497
12.261142479422134,5.8126493
12.261142479422134,5.8126507
12.261142479422134,5.812651
12.261142479422134,5.8126507
12.261142479422134,5.8126507
12.261142479422134,5.81265
12.261142479422134,5.81265
12.261142479422134,5.81265
12.261142479422134,5.8126507
12.261142479422134,5.8126497
12.261142479422134,5.81265
12.261142479422134,5.8126497
12.261142479422134,5.8126507
12.261142479422134,5.81265
12.261142479422134,5.81265
12.261142479422134,5.8126497
12.261142479422134,5.8126497
12.261142479422134,5.8126493
12.261142479422134,5.8126497
12.261142479422134,5.81265
12.261142479422134,5.8126497
12.261142479422134,5.81265
12.261142479422134,5.81265
12.261142479422134,5.81265
12.261142479422134,5.81265
12.261142479422134,5.81265
12.261142479422134,5.81265
12.261142479422134,5.81265
12.261142479422134,5.8126507
12.261142479422134,5.81265
12.261142479422134,5.8126497
12.261142479422134,5.8126497
12.261142479422134,5.8126493
12.261142479422134,5.8126493
12.261142479422134,5.8126493
12.261142479422134,5.812649
12.261142479422134,5.8126493
12.261142479422134,5.8126497
12.261142479422134,5.8126493
12.261142479422134,5.8126497
12.261142479422134,5.8126497
12.261142479422134,5.8126497
12.261142479422134,5.8126497
12.261142479422134,5.8126497
12.261142479422134,5.8126497
12.261142479422134,5.8126493
12.261142479422134,5.81265
12.261142479422134,5.8126497
12.261142479422134,5.8126497
12.261142479422134,5.81265
12.261142479422134,5.81265
12.261142479422134,5.81265
12.261142479422134,5.81265
12.261142479422134,5.81265
12.261142479422134,5.81265
12.261142479422134,5.81265
12.261142479422134,5.81265
12.261142479422134,5.8126497
12.261142479422134,5.8126493
12.261142479422134,5.8126497
12.261142479422134,5.81265
12.261142479422134,5.8126497
12.261142479422134,5.8126493
12.261142479422134,5.8126507
12.261142479422134,5.812651
12.261142479422134,5.8126507
12.261142479422134,5.8126507
12.261142479422134,5.81265
12.261142479422134,5.81265
12.261142479422134,5.81265
12.261142479422134,5.8126507
12.261142479422134,5.8126497
12.261142479422134,5.81265
12.261142479422134,5.8126497
12.261142479422134,5.8126507
12.261142479422134,5.81265
12.261142479422134,5.81265
12.261142479422134,5.8126497
12.261142479422134,5.8126497
12.261142479422134,5.8126493
12.261142479422134,5.8126497
12.261142479422134,5.81265
12.261142479422134,5.8126497
12.261142479422134,5.81265
12.261142479422134,5.81265
12.261142479422134,5.81265
12.261142479422134,5.81265
12.261142479422134,5.81265
12.261142479422134,5.81265
12.261142479422134,5.81265
12.261142479422134,5.8126507
12.261142479422134,5.81265
12.261142479422134,5.8126497
12.261142479422134,5.8126497
12.261142479422134,5.8126493
12.261142479422134,5.8126493
12.261142479422134,5.8126493
12.261142479422134,5.812649
12.261142479422134,5.8126493
12.261142479422134,5.8126497
12.261142479422134,5.8126493
12.261142479422134,5.8126497
12.261142479422134,5.8126497
12.261142479422134,5.8126497
12.261142479422134,5.8126497
12.261142479422134,5.8126497
12.261142479422134,5.8126497
12.261142479422134,5.8126493
12.261142479422134,5.81265
12.261142479422134,5.8126497
12.261142479422134,5.8126497
12.261142479422134,5.81265
12.261142479422134,5.81265
12.261142479422134,5.81265
12.261142479422134,5.81265
12.261142479422134,5.81265
12.261142479422134,5.81265
12.261142479422134,5.81265
12.261142479422134,5.81265
12.261142479422134,5.8126497
12.261142479422134,5.8126493
12.261142479422134,5.8126497
12.261142479422134,5.81265
12.261142479422134,5.8126497
12.261142479422134,5.8126493
12.261142479422134,5.8126507
12.261142479422134,5.812651
12.261142479422134,5.8126507
12.261142479422134,5.8126507
12.261142479422134,5.81265
12.261142479422134,5.81265
12.261142479422134,5.81265
12.261142479422134,5.8126507
12.261142479422134,5.8126497
12.261142479422134,5.81265
12.261142479422134,5.8126497
12.261142479422134,5.8126507
12.261142479422134,5.81265
12.261142479422134,5.81265
12.261142479422134,5.8126497
12.261142479422134,5.8126497
12.261142479422134,5.8126493
12.261142479422134,5.8126497
12.261142479422134,5.81265
12.261142479422134,5.8126497
12.261142479422134,5.81265
12.261142479422134,5.81265
12.261142479422134,5.81265
12.261142479422134,5.81265
12.261142479422134,5.81265
12.261142479422134,5.81265
12.261142479422134,5.81265
12.261142479422134,5.8126507
12.261142479422134,5.81265
12.261142479422134,5.8126497
12.261142479422134,5.8126497
12.261142479422134,5.8126493
12.261142479422134,5.8126493
12.261142479422134,5.8126493
12.261142479422134,5.812649
12.261142479422134,5.8126493
12.261142479422134,5.8126497
12.261142479422134,5.8126493
12.261142479422134,5.8126497
12.261142479422134,5.8126497
12.261142479422134,5.8126497
12.261142479422134,5.8126497
12.261142479422134,5.8126497
12.261142479422134,5.8126497
12.261142479422134,5.8126493
12.261142479422134,5.81265
12.261142479422134,5.8126497
12.261142479422134,5.8126497
12.261142479422134,5.81265
12.261142479422134,5.81265
12.261142479422134,5.81265
12.261142479422134,5.81265
12.261142479422134,5.81265
12.261142479422134,5.81265
12.261142479422134,5.81265
12.261142479422134,5.81265
12.261142479422134,5.8126497
12.261142479422134,5.8126493
12.261142479422134,5.8126497
12.261142479422134,5.81265
12.261142479422134,5.8126497
12.261142479422134,5.8126493
12.261142479422134,5.8126507
12.261142479422134,5.812651
12.261142479422134,5.8126507
12.261142479422134,5.8126507
12.261142479422134,5.81265
12.261142479422134,5.81265
12.261142479422134,5.81265
12.261142479422134,5.8126507
12.261142479422134,5.8126497
12.261142479422134,5.81265
12.261142479422134,5.8126497
12.261142479422134,5.8126507
12.261142479422134,5.81265
12.261142479422134,5.81265
12.261142479422134,5.8126497
12.261142479422134,5.8126497
12.261142479422134,5.8126493
12.261142479422134,5.8126497
12.261142479422134,5.81265
12.261142479422134,5.8126497
12.261142479422134,5.81265
12.261142479422134,5.81265
12.261142479422134,5.81265
12.261142479422134,5.81265
12.261142479422134,5.81265
12.261142479422134,5.81265
12.261142479422134,5.81265
12.261142479422134,5.8126507
12.261142479422134,5.81265
12.261142479422134,5.8126497
12.261142479422134,5.8126497
12.261142479422134,5.8126493
12.261142479422134,5.8126493
12.261142479422134,5.8126493
12.261142479422134,5.812649
12.261142479422134,5.8126493
12.261142479422134,5.8126497
12.261142479422134,5.8126493
12.261142479422134,5.8126497
12.261142479422134,5.8126497
12.261142479422134,5.8126497
12.261142479422134,5.8126497
12.261142479422134,5.8126497
12.261142479422134,5.8126497
12.261142479422134,5.8126493
12.261142479422134,5.81265
12.261142479422134,5.8126497
12.261142479422134,5.8126497
12.261142479422134,5.81265
12.261142479422134,5.81265
12.261142479422134,5.81265
12.261142479422134,5.81265
12.261142479422134,5.81265
12.261142479422134,5.81265
12.261142479422134,5.81265
12.261142479422134,5.81265
12.261142479422134,5.8126497
12.261142479422134,5.8126493
12.261142479422134,5.8126497
12.261142479422134,5.81265
12.261142479422134,5.8126497
12.261142479422134,5.8126493
12.261142479422134,5.8126507
12.261142479422134,5.812651
12.261142479422134,5.8126507
12.261142479422134,5.8126507
12.261142479422134,5.81265
12.261142479422134,5.81265
12.261142479422134,5.81265
12.261142479422134,5.8126507
12.261142479422134,5.8126497
12.261142479422134,5.81265
12.261142479422134,5.8126497
12.261142479422134,5.8126507
12.261142479422134,5.81265
12.261142479422134,5.81265
12.261142479422134,5.8126497
12.261142479422134,5.8126497
12.261142479422134,5.8126493
12.261142479422134,5.8126497
12.261142479422134,5.81265
12.261142479422134,5.8126497
12.261142479422134,5.81265
12.261142479422134,5.81265
12.261142479422134,5.81265
12.261142479422134,5.81265
12.261142479422134,5.81265
12.261142479422134,5.81265
12.261142479422134,5.81265
12.261142479422134,5.8126507
12.261142479422134,5.81265
12.261142479422134,5.8126497
12.261142479422134,5.8126497
12.261142479422134,5.8126493
12.261142479422134,5.8126493
12.261142479422134,5.8126493
12.261142479422134,5.812649
12.261142479422134,5.8126493
12.261142479422134,5.8126497
12.261142479422134,5.8126493
12.261142479422134,5.8126497
12.261142479422134,5.8126497
12.261142479422134,5.8126497
12.261142479422134,5.8126497
12.261142479422134,5.8126497
12.261142479422134,5.8126497
12.261142479422134,5.8126493
12.261142479422134,5.81265
12.261142479422134,5.8126497
12.261142479422134,5.8126497
12.261142479422134,5.81265
12.261142479422134,5.81265
12.261142479422134,5.81265
12.261142479422134,5.81265
12.261142479422134,5.81265
12.261142479422134,5.81265
12.261142479422134,5.81265
12.261142479422134,5.81265
12.261142479422134,5.8126497
12.261142479422134,5.8126493
12.261142479422134,5.8126497
12.261142479422134,5.81265
12.261142479422134,5.8126497
12.261142479422134,5.8126493
12.261142479422134,5.8126507
12.261142479422134,5.812651
12.261142479422134,5.8126507
12.261142479422134,5.8126507
12.261142479422134,5.81265
12.261142479422134,5.81265
12.261142479422134,5.81265
12.261142479422134,5.8126507
12.261142479422134,5.8126497
12.261142479422134,5.81265
12.261142479422134,5.8126497
12.261142479422134,5.8126507
12.261142479422134,5.81265
12.261142479422134,5.81265
12.261142479422134,5.8126497
12.261142479422134,5.8126497
12.261142479422134,5.8126493
12.261142479422134,5.8126497
12.261142479422134,5.81265
12.261142479422134,5.8126497
12.261142479422134,5.81265
12.261142479422134,5.81265
12.261142479422134,5.81265
12.261142479422134,5.81265
12.261142479422134,5.81265
12.261142479422134,5.81265
12.261142479422134,5.81265
12.261142479422134,5.8126507
12.261142479422134,5.81265
12.261142479422134,5.8126497
12.261142479422134,5.8126497
12.261142479422134,5.8126493
12.261142479422134,5.8126493
12.261142479422134,5.8126493
12.261142479422134,5.812649
12.261142479422134,5.8126493
12.261142479422134,5.8126497
12.261142479422134,5.8126493
12.261142479422134,5.8126497
12.261142479422134,5.8126497
12.261142479422134,5.8126497
12.261142479422134,5.8126497
12.261142479422134,5.8126497
12.261142479422134,5.8126497
12.261142479422134,5.8126493
12.261142479422134,5.81265
12.261142479422134,5.8126497
12.261142479422134,5.8126497
12.261142479422134,5.81265
12.261142479422134,5.81265
12.261142479422134,5.81265
12.261142479422134,5.81265
12.261142479422134,5.81265
12.261142479422134,5.81265
12.261142479422134,5.81265
12.261142479422134,5.81265
12.261142479422134,5.8126497
12.261142479422134,5.8126493
12.261142479422134,5.8126497
12.261142479422134,5.81265
12.261142479422134,5.8126497
12.261142479422134,5.8126493
12.261142479422134,5.8126507
12.261142479422134,5.812651
12.261142479422134,5.8126507
12.261142479422134,5.8126507
12.261142479422134,5.81265
12.261142479422134,5.81265
12.261142479422134,5.81265
12.261142479422134,5.8126507
12.261142479422134,5.8126497
12.261142479422134,5.81265
12.261142479422134,5.8126497
12.261142479422134,5.8126507
12.261142479422134,5.81265
12.261142479422134,5.81265
12.261142479422134,5.8126497
12.261142479422134,5.8126497
12.261142479422134,5.8126493
12.261142479422134,5.8126497
12.261142479422134,5.81265
12.261142479422134,5.8126497
12.261142479422134,5.81265
12.261142479422134,5.81265
12.261142479422134,5.81265
12.261142479422134,5.81265
12.261142479422134,5.81265
12.261142479422134,5.81265
12.261142479422134,5.81265
12.261142479422134,5.8126507
12.261142479422134,5.81265
12.261142479422134,5.8126497
12.261142479422134,5.8126497
12.261142479422134,5.8126493
12.261142479422134,5.8126493
12.261142479422134,5.8126493
12.261142479422134,5.812649
12.261142479422134,5.8126493
12.261142479422134,5.8126497
12.261142479422134,5.8126493
12.261142479422134,5.8126497
12.261142479422134,5.8126497
12.261142479422134,5.8126497
12.261142479422134,5.8126497
12.261142479422134,5.8126497
12.261142479422134,5.8126497
12.261142479422134,5.8126493
12.261142479422134,5.81265
12.261142479422134,5.8126497
12.261142479422134,5.8126497
12.261142479422134,5.81265
12.261142479422134,5.81265
12.261142479422134,5.81265
12.261142479422134,5.81265
12.261142479422134,5.81265
12.261142479422134,5.81265
12.261142479422134,5.81265
12.261142479422134,5.81265
12.261142479422134,5.8126497
12.261142479422134,5.8126493
12.261142479422134,5.8126497
12.261142479422134,5.81265
12.261142479422134,5.8126497
12.261142479422134,5.8126493
12.261142479422134,5.8126507
12.261142479422134,5.812651
12.261142479422134,5.8126507
12.261142479422134,5.8126507
12.261142479422134,5.81265
12.261142479422134,5.81265
12.261142479422134,5.81265
12.261142479422134,5.8126507
12.261142479422134,5.8126497
12.261142479422134,5.81265
12.261142479422134,5.8126497
12.261142479422134,5.8126507
12.261142479422134,5.81265
12.261142479422134,5.81265
12.261142479422134,5.8126497
12.261142479422134,5.8126497
12.261142479422134,5.8126493
12.261142479422134,5.8126497
12.261142479422134,5.81265
12.261142479422134,5.8126497
12.261142479422134,5.81265
12.261142479422134,5.81265
12.261142479422134,5.81265
12.261142479422134,5.81265
12.261142479422134,5.81265
12.261142479422134,5.81265
12.261142479422134,5.81265
12.261142479422134,5.8126507
12.261142479422134,5.81265
12.261142479422134,5.8126497
12.261142479422134,5.8126497
12.261142479422134,5.8126493
12.261142479422134,5.8126493
12.261142479422134,5.8126493
12.261142479422134,5.812649
12.261142479422134,5.8126493
12.261142479422134,5.8126497
12.261142479422134,5.8126493
12.261142479422134,5.8126497
12.261142479422134,5.8126497
12.261142479422134,5.8126497
12.261142479422134,5.8126497
12.261142479422134,5.8126497
12.261142479422134,5.8126497
12.261142479422134,5.8126493
12.261142479422134,5.81265
12.261142479422134,5.8126497
12.261142479422134,5.8126497
12.261142479422134,5.81265
12.261142479422134,5.81265
12.261142479422134,5.81265
12.261142479422134,5.81265
12.261142479422134,5.81265
12.261142479422134,5.81265
12.261142479422134,5.81265
12.261142479422134,5.81265
12.261142479422134,5.8126497
12.261142479422134,5.8126493
12.261142479422134,5.8126497
12.261142479422134,5.81265
12.261142479422134,5.8126497
12.261142479422134,5.8126493
12.261142479422134,5.8126507
12.261142479422134,5.812651
12.261142479422134,5.8126507
12.261142479422134,5.8126507
12.261142479422134,5.81265
12.261142479422134,5.81265
12.261142479422134,5.81265
12.261142479422134,5.8126507
12.261142479422134,5.8126497
12.261142479422134,5.81265
12.261142479422134,5.8126497
12.261142479422134,5.8126507
12.261142479422134,5.81265
12.261142479422134,5.81265
12.261142479422134,5.8126497
12.261142479422134,5.8126497
12.261142479422134,5.8126493
12.261142479422134,5.8126497
12.261142479422134,5.81265
12.261142479422134,5.8126497
12.261142479422134,5.81265
12.261142479422134,5.81265
12.261142479422134,5.81265
12.261142479422134,5.81265
12.261142479422134,5.81265
12.261142479422134,5.81265
12.261142479422134,5.81265
12.261142479422134,5.8126507
12.261142479422134,5.81265
12.261142479422134,5.8126497
12.261142479422134,5.8126497
12.261142479422134,5.8126493
12.261142479422134,5.8126493
12.261142479422134,5.8126493
12.261142479422134,5.812649
12.261142479422134,5.8126493
12.261142479422134,5.8126497
12.261142479422134,5.8126493
12.261142479422134,5.8126497
12.261142479422134,5.8126497
12.261142479422134,5.8126497
12.261142479422134,5.8126497
12.261142479422134,5.8126497
12.261142479422134,5.8126497
12.261142479422134,5.8126493
12.261142479422134,5.81265
12.261142479422134,5.8126497
12.261142479422134,5.8126497
12.261142479422134,5.81265
12.261142479422134,5.81265
12.261142479422134,5.81265
12.261142479422134,5.81265
12.261142479422134,5.81265
12.261142479422134,5.81265
12.261142479422134,5.81265
12.261142479422134,5.81265
12.261142479422134,5.8126497
12.261142479422134,5.8126493
12.261142479422134,5.8126497
12.261142479422134,5.81265
12.261142479422134,5.8126497
12.261142479422134,5.8126493
12.261142479422134,5.8126507
12.261142479422134,5.812651
12.261142479422134,5.8126507
12.261142479422134,5.8126507
12.261142479422134,5.81265
12.261142479422134,5.81265
12.261142479422134,5.81265
12.261142479422134,5.8126507
12.261142479422134,5.8126497
12.261142479422134,5.81265
12.261142479422134,5.8126497
12.261142479422134,5.8126507
12.261142479422134,5.81265
12.261142479422134,5.81265
12.261142479422134,5.8126497
12.261142479422134,5.8126497
12.261142479422134,5.8126493
12.261142479422134,5.8126497
12.261142479422134,5.81265
12.261142479422134,5.8126497
12.261142479422134,5.81265
12.261142479422134,5.81265
12.261142479422134,5.81265
12.261142479422134,5.81265
12.261142479422134,5.81265
12.261142479422134,5.81265
12.261142479422134,5.81265
12.261142479422134,5.8126507
12.261142479422134,5.81265
12.261142479422134,5.8126497
12.261142479422134,5.8126497
12.261142479422134,5.8126493
12.261142479422134,5.8126493
12.261142479422134,5.8126493
12.261142479422134,5.812649
12.261142479422134,5.8126493
12.261142479422134,5.8126497
12.261142479422134,5.8126493
12.261142479422134,5.8126497
12.261142479422134,5.8126497
12.261142479422134,5.8126497
12.261142479422134,5.8126497
12.261142479422134,5.8126497
12.261142479422134,5.8126497
12.261142479422134,5.8126493
12.261142479422134,5.81265
12.261142479422134,5.8126497
12.261142479422134,5.8126497
12.261142479422134,5.81265
12.261142479422134,5.81265
12.261142479422134,5.81265
12.261142479422134,5.81265
12.261142479422134,5.81265
12.261142479422134,5.81265
12.261142479422134,5.81265
12.261142479422134,5.81265
12.261142479422134,5.8126497
12.261142479422134,5.8126493
12.261142479422134,5.8126497
12.261142479422134,5.81265
12.261142479422134,5.8126497
12.261142479422134,5.8126493
12.261142479422134,5.8126507
12.261142479422134,5.812651
12.261142479422134,5.8126507
12.261142479422134,5.8126507
12.261142479422134,5.81265
12.261142479422134,5.81265
12.261142479422134,5.81265
12.261142479422134,5.8126507
12.261142479422134,5.8126497
12.261142479422134,5.81265
12.261142479422134,5.8126497
12.261142479422134,5.8126507
12.261142479422134,5.81265
12.261142479422134,5.81265
12.261142479422134,5.8126497
12.261142479422134,5.8126497
12.261142479422134,5.8126493
12.261142479422134,5.8126497
12.261142479422134,5.81265
12.261142479422134,5.8126497
12.261142479422134,5.81265
12.261142479422134,5.81265
12.261142479422134,5.81265
12.261142479422134,5.81265
12.261142479422134,5.81265
12.261142479422134,5.81265
12.261142479422134,5.81265
12.261142479422134,5.8126507
12.261142479422134,5.81265
12.261142479422134,5.8126497
12.261142479422134,5.8126497
12.261142479422134,5.8126493
12.261142479422134,5.8126493
12.261142479422134,5.8126493
12.261142479422134,5.812649
12.261142479422134,5.8126493
12.261142479422134,5.8126497
12.261142479422134,5.8126493
12.261142479422134,5.8126497
12.261142479422134,5.8126497
12.261142479422134,5.8126497
12.261142479422134,5.8126497
12.261142479422134,5.8126497
12.261142479422134,5.8126497
12.261142479422134,5.8126493
12.261142479422134,5.81265
12.261142479422134,5.8126497
12.261142479422134,5.8126497
12.261142479422134,5.81265
12.261142479422134,5.81265
12.261142479422134,5.81265
12.261142479422134,5.81265
12.261142479422134,5.81265
12.261142479422134,5.81265
12.261142479422134,5.81265
12.261142479422134,5.81265
12.261142479422134,5.8126497
12.261142479422134,5.8126493
12.261142479422134,5.8126497
12.261142479422134,5.81265
12.261142479422134,5.8126497
12.261142479422134,5.8126493
12.261142479422134,5.8126507
12.261142479422134,5.812651
12.261142479422134,5.8126507
12.261142479422134,5.8126507
12.261142479422134,5.81265
12.261142479422134,5.81265
12.261142479422134,5.81265
12.261142479422134,5.8126507
12.261142479422134,5.8126497
12.261142479422134,5.81265
12.261142479422134,5.8126497
12.261142479422134,5.8126507
12.261142479422134,5.81265
12.261142479422134,5.81265
12.261142479422134,5.8126497
12.261142479422134,5.8126497
12.261142479422134,5.8126493
12.261142479422134,5.8126497
12.261142479422134,5.81265
12.261142479422134,5.8126497
12.261142479422134,5.81265
12.261142479422134,5.81265
12.261142479422134,5.81265
12.261142479422134,5.81265
12.261142479422134,5.81265
12.261142479422134,5.81265
12.261142479422134,5.81265
12.261142479422134,5.8126507
12.261142479422134,5.81265
12.261142479422134,5.8126497
12.261142479422134,5.8126497
12.261142479422134,5.8126493
12.261142479422134,5.8126493
12.261142479422134,5.8126493
12.261142479422134,5.812649
12.261142479422134,5.8126493
12.261142479422134,5.8126497
12.261142479422134,5.8126493
12.261142479422134,5.8126497
12.261142479422134,5.8126497
12.261142479422134,5.8126497
12.261142479422134,5.8126497
12.261142479422134,5.8126497
12.261142479422134,5.8126497
12.261142479422134,5.8126493
12.261142479422134,5.81265
12.261142479422134,5.8126497
12.261142479422134,5.8126497
12.261142479422134,5.81265
12.261142479422134,5.81265
12.261142479422134,5.81265
12.261142479422134,5.81265
12.261142479422134,5.81265
12.261142479422134,5.81265
12.261142479422134,5.81265
12.261142479422134,5.81265
12.261142479422134,5.8126497
12.261142479422134,5.8126493
12.261142479422134,5.8126497
12.261142479422134,5.81265
12.261142479422134,5.8126497
12.261142479422134,5.8126493
12.261142479422134,5.8126507
12.261142479422134,5.812651
12.261142479422134,5.8126507
12.261142479422134,5.8126507
12.261142479422134,5.81265
12.261142479422134,5.81265
12.261142479422134,5.81265
12.261142479422134,5.8126507
12.261142479422134,5.8126497
12.261142479422134,5.81265
12.261142479422134,5.8126497
12.261142479422134,5.8126507
12.261142479422134,5.81265
12.261142479422134,5.81265
12.261142479422134,5.8126497
12.261142479422134,5.8126497
12.261142479422134,5.8126493
12.261142479422134,5.8126497
12.261142479422134,5.81265
12.261142479422134,5.8126497
12.261142479422134,5.81265
12.261142479422134,5.81265
12.261142479422134,5.81265
12.261142479422134,5.81265
12.261142479422134,5.81265
12.261142479422134,5.81265
12.261142479422134,5.81265
12.261142479422134,5.8126507
12.261142479422134,5.81265
12.261142479422134,5.8126497
12.261142479422134,5.8126497
12.261142479422134,5.8126493
12.261142479422134,5.8126493
12.261142479422134,5.8126493
12.261142479422134,5.812649
12.261142479422134,5.8126493
12.261142479422134,5.8126497
12.261142479422134,5.8126493
12.261142479422134,5.8126497
12.261142479422134,5.8126497
12.261142479422134,5.8126497
12.261142479422134,5.8126497
12.261142479422134,5.8126497
12.261142479422134,5.8126497
12.261142479422134,5.8126493
12.261142479422134,5.81265
12.261142479422134,5.8126497
12.261142479422134,5.8126497
12.261142479422134,5.81265
12.261142479422134,5.81265
12.261142479422134,5.81265
12.261142479422134,5.81265
12.261142479422134,5.81265
12.261142479422134,5.81265
12.261142479422134,5.81265
12.261142479422134,5.81265
12.261142479422134,5.8126497
12.261142479422134,5.8126493
12.261142479422134,5.8126497
12.261142479422134,5.81265
12.261142479422134,5.8126497
12.261142479422134,5.8126493
12.261142479422134,5.8126507
12.261142479422134,5.812651
12.261142479422134,5.8126507
12.261142479422134,5.8126507
12.261142479422134,5.81265
12.261142479422134,5.81265
12.261142479422134,5.81265
12.261142479422134,5.8126507
12.261142479422134,5.8126497
12.261142479422134,5.81265
12.261142479422134,5.8126497
12.261142479422134,5.8126507
12.261142479422134,5.81265
12.261142479422134,5.81265
12.261142479422134,5.8126497
12.261142479422134,5.8126497
12.261142479422134,5.8126493
12.261142479422134,5.8126497
12.261142479422134,5.81265
12.261142479422134,5.8126497
12.261142479422134,5.81265
12.261142479422134,5.81265
12.261142479422134,5.81265
12.261142479422134,5.81265
12.261142479422134,5.81265
12.261142479422134,5.81265
12.261142479422134,5.81265
12.261142479422134,5.8126507
12.261142479422134,5.81265
12.261142479422134,5.8126497
12.261142479422134,5.8126497
12.261142479422134,5.8126493
12.261142479422134,5.8126493
12.261142479422134,5.8126493
12.261142479422134,5.812649
12.261142479422134,5.8126493
12.261142479422134,5.8126497
12.261142479422134,5.8126493
12.261142479422134,5.8126497
12.261142479422134,5.8126497
12.261142479422134,5.8126497
12.261142479422134,5.8126497
12.261142479422134,5.8126497
12.261142479422134,5.8126497
12.261142479422134,5.8126493
12.261142479422134,5.81265
12.261142479422134,5.8126497
12.261142479422134,5.8126497
12.261142479422134,5.81265
12.261142479422134,5.81265
12.261142479422134,5.81265
12.261142479422134,5.81265
12.261142479422134,5.81265
12.261142479422134,5.81265
12.261142479422134,5.81265
12.261142479422134,5.81265
12.261142479422134,5.8126497
12.261142479422134,5.8126493
12.261142479422134,5.8126497
12.261142479422134,5.81265
12.261142479422134,5.8126497
12.261142479422134,5.8126493
12.261142479422134,5.8126507
12.261142479422134,5.812651
12.261142479422134,5.8126507
12.261142479422134,5.8126507
12.261142479422134,5.81265
12.261142479422134,5.81265
12.261142479422134,5.81265
12.261142479422134,5.8126507
12.261142479422134,5.8126497
12.261142479422134,5.81265
12.261142479422134,5.8126497
12.261142479422134,5.8126507
12.261142479422134,5.81265
12.261142479422134,5.81265
12.261142479422134,5.8126497
12.261142479422134,5.8126497
12.261142479422134,5.8126493
12.261142479422134,5.8126497
12.261142479422134,5.81265
12.261142479422134,5.8126497
12.261142479422134,5.81265
12.261142479422134,5.81265
12.261142479422134,5.81265
12.261142479422134,5.81265
12.261142479422134,5.81265
12.261142479422134,5.81265
12.261142479422134,5.81265
12.261142479422134,5.8126507
12.261142479422134,5.81265
12.261142479422134,5.8126497
12.261142479422134,5.8126497
12.261142479422134,5.8126493
12.261142479422134,5.8126493
12.261142479422134,5.8126493
12.261142479422134,5.812649
12.261142479422134,5.8126493
12.261142479422134,5.8126497
12.261142479422134,5.8126493
12.261142479422134,5.8126497
12.261142479422134,5.8126497
12.261142479422134,5.8126497
12.261142479422134,5.8126497
12.261142479422134,5.8126497
12.261142479422134,5.8126497
12.261142479422134,5.8126493
12.261142479422134,5.81265
12.261142479422134,5.8126497
12.261142479422134,5.8126497
12.261142479422134,5.81265
12.261142479422134,5.81265
12.261142479422134,5.81265
12.261142479422134,5.81265
12.261142479422134,5.81265
12.261142479422134,5.81265
12.261142479422134,5.81265
12.261142479422134,5.81265
12.261142479422134,5.8126497
12.261142479422134,5.8126493
12.261142479422134,5.8126497
12.261142479422134,5.81265
12.261142479422134,5.8126497
12.261142479422134,5.8126493
12.261142479422134,5.8126507
12.261142479422134,5.812651
12.261142479422134,5.8126507
12.261142479422134,5.8126507
12.261142479422134,5.81265
12.261142479422134,5.81265
12.261142479422134,5.81265
12.261142479422134,5.8126507
12.261142479422134,5.8126497
12.261142479422134,5.81265
12.261142479422134,5.8126497
12.261142479422134,5.8126507
12.261142479422134,5.81265
12.261142479422134,5.81265
12.261142479422134,5.8126497
12.261142479422134,5.8126497
12.261142479422134,5.8126493
12.261142479422134,5.8126497
12.261142479422134,5.81265
12.261142479422134,5.8126497
12.261142479422134,5.81265
12.261142479422134,5.81265
12.261142479422134,5.81265
12.261142479422134,5.81265
12.261142479422134,5.81265
12.261142479422134,5.81265
12.261142479422134,5.81265
12.261142479422134,5.8126507
12.261142479422134,5.81265
12.261142479422134,5.8126497
12.261142479422134,5.8126497
12.261142479422134,5.8126493
12.261142479422134,5.8126493
12.261142479422134,5.8126493
12.261142479422134,5.812649
12.261142479422134,5.8126493
12.261142479422134,5.8126497
12.261142479422134,5.8126493
12.261142479422134,5.8126497
12.261142479422134,5.8126497
12.261142479422134,5.8126497
12.261142479422134,5.8126497
12.261142479422134,5.8126497
12.261142479422134,5.8126497
12.261142479422134,5.8126493
12.261142479422134,5.81265
12.261142479422134,5.8126497
12.261142479422134,5.8126497
12.261142479422134,5.81265
12.261142479422134,5.81265
12.261142479422134,5.81265
12.261142479422134,5.81265
12.261142479422134,5.81265
12.261142479422134,5.81265
12.261142479422134,5.81265
12.261142479422134,5.81265
12.261142479422134,5.8126497
12.261142479422134,5.8126493
12.261142479422134,5.8126497
12.261142479422134,5.81265
12.261142479422134,5.8126497
12.261142479422134,5.8126493
12.261142479422134,5.8126507
12.261142479422134,5.812651
12.261142479422134,5.8126507
12.261142479422134,5.8126507
12.261142479422134,5.81265
12.261142479422134,5.81265
12.261142479422134,5.81265
12.261142479422134,5.8126507
12.261142479422134,5.8126497
12.261142479422134,5.81265
12.261142479422134,5.8126497
12.261142479422134,5.8126507
12.261142479422134,5.81265
12.261142479422134,5.81265
12.261142479422134,5.8126497
12.261142479422134,5.8126497
12.261142479422134,5.8126493
12.261142479422134,5.8126497
12.261142479422134,5.81265
12.261142479422134,5.8126497
12.261142479422134,5.81265
12.261142479422134,5.81265
12.261142479422134,5.81265
12.261142479422134,5.81265
12.261142479422134,5.81265
12.261142479422134,5.81265
12.261142479422134,5.81265
12.261142479422134,5.8126507
12.261142479422134,5.81265
12.261142479422134,5.8126497
12.261142479422134,5.8126497
12.261142479422134,5.8126493
12.261142479422134,5.8126493
12.261142479422134,5.8126493
12.261142479422134,5.812649
12.261142479422134,5.8126493
12.261142479422134,5.8126497
12.261142479422134,5.8126493
12.261142479422134,5.8126497
12.261142479422134,5.8126497
12.261142479422134,5.8126497
12.261142479422134,5.8126497
12.261142479422134,5.8126497
12.261142479422134,5.8126497
12.261142479422134,5.8126493
12.261142479422134,5.81265
12.261142479422134,5.8126497
12.261142479422134,5.8126497
12.261142479422134,5.81265
12.261142479422134,5.81265
12.261142479422134,5.81265
12.261142479422134,5.81265
12.261142479422134,5.81265
12.261142479422134,5.81265
12.261142479422134,5.81265
12.261142479422134,5.81265
12.261142479422134,5.8126497
12.261142479422134,5.8126493
12.261142479422134,5.8126497
12.261142479422134,5.81265
12.261142479422134,5.8126497
12.261142479422134,5.8126493
12.261142479422134,5.8126507
12.261142479422134,5.812651
12.261142479422134,5.8126507
12.261142479422134,5.8126507
12.261142479422134,5.81265
12.261142479422134,5.81265
12.261142479422134,5.81265
12.261142479422134,5.8126507
12.261142479422134,5.8126497
12.261142479422134,5.81265
12.261142479422134,5.8126497
12.261142479422134,5.8126507
12.261142479422134,5.81265
12.261142479422134,5.81265
12.261142479422134,5.8126497
12.261142479422134,5.8126497
12.261142479422134,5.8126493
12.261142479422134,5.8126497
12.261142479422134,5.81265
12.261142479422134,5.8126497
12.261142479422134,5.81265
12.261142479422134,5.81265
12.261142479422134,5.81265
12.261142479422134,5.81265
12.261142479422134,5.81265
12.261142479422134,5.81265
12.261142479422134,5.81265
12.261142479422134,5.8126507
12.261142479422134,5.81265
12.261142479422134,5.8126497
12.261142479422134,5.8126497
12.261142479422134,5.8126493
12.261142479422134,5.8126493
12.261142479422134,5.8126493
12.261142479422134,5.812649
12.261142479422134,5.8126493
12.261142479422134,5.8126497
12.261142479422134,5.8126493
12.261142479422134,5.8126497
12.261142479422134,5.8126497
12.261142479422134,5.8126497
12.261142479422134,5.8126497
12.261142479422134,5.8126497
12.261142479422134,5.8126497
12.261142479422134,5.8126493
12.261142479422134,5.81265
12.261142479422134,5.8126497
12.261142479422134,5.8126497
12.261142479422134,5.81265
12.261142479422134,5.81265
12.261142479422134,5.81265
12.261142479422134,5.81265
12.261142479422134,5.81265
12.261142479422134,5.81265
12.261142479422134,5.81265
12.261142479422134,5.81265
12.261142479422134,5.8126497
12.261142479422134,5.8126493
12.261142479422134,5.8126497
12.261142479422134,5.81265
12.261142479422134,5.8126497
12.261142479422134,5.8126493
12.261142479422134,5.8126507
12.261142479422134,5.812651
12.261142479422134,5.8126507
12.261142479422134,5.8126507
12.261142479422134,5.81265
12.261142479422134,5.81265
12.261142479422134,5.81265
12.261142479422134,5.8126507
12.261142479422134,5.8126497
12.261142479422134,5.81265
12.261142479422134,5.8126497
12.261142479422134,5.8126507
12.261142479422134,5.81265
12.261142479422134,5.81265
12.261142479422134,5.8126497
12.261142479422134,5.8126497
12.261142479422134,5.8126493
12.261142479422134,5.8126497
12.261142479422134,5.81265
12.261142479422134,5.8126497
12.261142479422134,5.81265
12.261142479422134,5.81265
12.261142479422134,5.81265
12.261142479422134,5.81265
12.261142479422134,5.81265
12.261142479422134,5.81265
12.261142479422134,5.81265
12.261142479422134,5.8126507
12.261142479422134,5.81265
12.261142479422134,5.8126497
12.261142479422134,5.8126497
12.261142479422134,5.8126493
12.261142479422134,5.8126493
12.261142479422134,5.8126493
12.261142479422134,5.812649
12.261142479422134,5.8126493
12.261142479422134,5.8126497
12.261142479422134,5.8126493
12.261142479422134,5.8126497
12.261142479422134,5.8126497
12.261142479422134,5.8126497
12.261142479422134,5.8126497
12.261142479422134,5.8126497
12.261142479422134,5.8126497
12.261142479422134,5.8126493
12.261142479422134,5.81265
12.261142479422134,5.8126497
12.261142479422134,5.8126497
12.261142479422134,5.81265
12.261142479422134,5.81265
12.261142479422134,5.81265
12.261142479422134,5.81265
12.261142479422134,5.81265
12.261142479422134,5.81265
12.261142479422134,5.81265
12.261142479422134,5.81265
12.261142479422134,5.8126497
12.261142479422134,5.8126493
12.261142479422134,5.8126497
12.261142479422134,5.81265
12.261142479422134,5.8126497
12.261142479422134,5.8126493
12.261142479422134,5.8126507
12.261142479422134,5.812651
12.261142479422134,5.8126507
12.261142479422134,5.8126507
12.261142479422134,5.81265
12.261142479422134,5.81265
12.261142479422134,5.81265
12.261142479422134,5.8126507
12.261142479422134,5.8126497
12.261142479422134,5.81265
12.261142479422134,5.8126497
12.261142479422134,5.8126507
12.261142479422134,5.81265
12.261142479422134,5.81265
12.261142479422134,5.8126497
12.261142479422134,5.8126497
12.261142479422134,5.8126493
12.261142479422134,5.8126497
12.261142479422134,5.81265
12.261142479422134,5.8126497
12.261142479422134,5.81265
12.261142479422134,5.81265
12.261142479422134,5.81265
12.261142479422134,5.81265
12.261142479422134,5.81265
12.261142479422134,5.81265
12.261142479422134,5.81265
12.261142479422134,5.8126507
12.261142479422134,5.81265
12.261142479422134,5.8126497
12.261142479422134,5.8126497
12.261142479422134,5.8126493
12.261142479422134,5.8126493
12.261142479422134,5.8126493
12.261142479422134,5.812649
12.261142479422134,5.8126493
12.261142479422134,5.8126497
12.261142479422134,5.8126493
12.261142479422134,5.8126497
12.261142479422134,5.8126497
12.261142479422134,5.8126497
12.261142479422134,5.8126497
12.261142479422134,5.8126497
12.261142479422134,5.8126497
12.261142479422134,5.8126493
12.261142479422134,5.81265
12.261142479422134,5.8126497
12.261142479422134,5.8126497
12.261142479422134,5.81265
12.261142479422134,5.81265
12.261142479422134,5.81265
12.261142479422134,5.81265
12.261142479422134,5.81265
12.261142479422134,5.81265
12.261142479422134,5.81265
12.261142479422134,5.81265
12.261142479422134,5.8126497
12.261142479422134,5.8126493
12.261142479422134,5.8126497
12.261142479422134,5.81265
12.261142479422134,5.8126497
12.261142479422134,5.8126493
12.261142479422134,5.8126507
12.261142479422134,5.812651
12.261142479422134,5.8126507
12.261142479422134,5.8126507
12.261142479422134,5.81265
12.261142479422134,5.81265
12.261142479422134,5.81265
12.261142479422134,5.8126507
12.261142479422134,5.8126497
12.261142479422134,5.81265
12.261142479422134,5.8126497
12.261142479422134,5.8126507
12.261142479422134,5.81265
12.261142479422134,5.81265
12.261142479422134,5.8126497
12.261142479422134,5.8126497
12.261142479422134,5.8126493
12.261142479422134,5.8126497
12.261142479422134,5.81265
12.261142479422134,5.8126497
12.261142479422134,5.81265
12.261142479422134,5.81265
12.261142479422134,5.81265
12.261142479422134,5.81265
12.261142479422134,5.81265
12.261142479422134,5.81265
12.261142479422134,5.81265
12.261142479422134,5.8126507
12.261142479422134,5.81265
12.261142479422134,5.8126497
12.261142479422134,5.8126497
12.261142479422134,5.8126493
12.261142479422134,5.8126493
12.261142479422134,5.8126493
12.261142479422134,5.812649
12.261142479422134,5.8126493
12.261142479422134,5.8126497
12.261142479422134,5.8126493
12.261142479422134,5.8126497
12.261142479422134,5.8126497
12.261142479422134,5.8126497
12.261142479422134,5.8126497
12.261142479422134,5.8126497
12.261142479422134,5.8126497
12.261142479422134,5.8126493
12.261142479422134,5.81265
12.261142479422134,5.8126497
12.261142479422134,5.8126497
12.261142479422134,5.81265
12.261142479422134,5.81265
12.261142479422134,5.81265
12.261142479422134,5.81265
12.261142479422134,5.81265
12.261142479422134,5.81265
12.261142479422134,5.81265
12.261142479422134,5.81265
12.261142479422134,5.8126497
12.261142479422134,5.8126493
12.261142479422134,5.8126497
12.261142479422134,5.81265
12.261142479422134,5.8126497
12.261142479422134,5.8126493
12.261142479422134,5.8126507
12.261142479422134,5.812651
12.261142479422134,5.8126507
12.261142479422134,5.8126507
12.261142479422134,5.81265
12.261142479422134,5.81265
12.261142479422134,5.81265
12.261142479422134,5.8126507
12.261142479422134,5.8126497
12.261142479422134,5.81265
12.261142479422134,5.8126497
12.261142479422134,5.8126507
12.261142479422134,5.81265
12.261142479422134,5.81265
12.261142479422134,5.8126497
12.261142479422134,5.8126497
12.261142479422134,5.8126493
12.261142479422134,5.8126497
12.261142479422134,5.81265
12.261142479422134,5.8126497
12.261142479422134,5.81265
12.261142479422134,5.81265
12.261142479422134,5.81265
12.261142479422134,5.81265
12.261142479422134,5.81265
12.261142479422134,5.81265
12.261142479422134,5.81265
12.261142479422134,5.8126507
12.261142479422134,5.81265
12.261142479422134,5.8126497
12.261142479422134,5.8126497
12.261142479422134,5.8126493
12.261142479422134,5.8126493
12.261142479422134,5.8126493
12.261142479422134,5.812649
12.261142479422134,5.8126493
12.261142479422134,5.8126497
12.261142479422134,5.8126493
12.261142479422134,5.8126497
12.261142479422134,5.8126497
12.261142479422134,5.8126497
12.261142479422134,5.8126497
12.261142479422134,5.8126497
12.261142479422134,5.8126497
12.261142479422134,5.8126493
12.261142479422134,5.81265
12.261142479422134,5.8126497
12.261142479422134,5.8126497
12.261142479422134,5.81265
12.261142479422134,5.81265
12.261142479422134,5.81265
12.261142479422134,5.81265
12.261142479422134,5.81265
12.261142479422134,5.81265
12.261142479422134,5.81265
12.261142479422134,5.81265
12.261142479422134,5.8126497
12.261142479422134,5.8126493
12.261142479422134,5.8126497
12.261142479422134,5.81265
12.261142479422134,5.8126497
12.261142479422134,5.8126493
12.261142479422134,5.8126507
12.261142479422134,5.812651
12.261142479422134,5.8126507
12.261142479422134,5.8126507
12.261142479422134,5.81265
12.261142479422134,5.81265
12.261142479422134,5.81265
12.261142479422134,5.8126507
12.261142479422134,5.8126497
12.261142479422134,5.81265
12.261142479422134,5.8126497
12.261142479422134,5.8126507
12.261142479422134,5.81265
12.261142479422134,5.81265
12.261142479422134,5.8126497
12.261142479422134,5.8126497
12.261142479422134,5.8126493
12.261142479422134,5.8126497
12.261142479422134,5.81265
12.261142479422134,5.8126497
12.261142479422134,5.81265
12.261142479422134,5.81265
12.261142479422134,5.81265
12.261142479422134,5.81265
12.261142479422134,5.81265
12.261142479422134,5.81265
12.261142479422134,5.81265
12.261142479422134,5.8126507
12.261142479422134,5.81265
12.261142479422134,5.8126497
12.261142479422134,5.8126497
12.261142479422134,5.8126493
12.261142479422134,5.8126493
12.261142479422134,5.8126493
12.261142479422134,5.812649
12.261142479422134,5.8126493
12.261142479422134,5.8126497
12.261142479422134,5.8126493
12.261142479422134,5.8126497
12.261142479422134,5.8126497
12.261142479422134,5.8126497
12.261142479422134,5.8126497
12.261142479422134,5.8126497
12.261142479422134,5.8126497
12.261142479422134,5.8126493
12.261142479422134,5.81265
12.261142479422134,5.8126497
12.261142479422134,5.8126497
12.261142479422134,5.81265
12.261142479422134,5.81265
12.261142479422134,5.81265
12.261142479422134,5.81265
12.261142479422134,5.81265
12.261142479422134,5.81265
12.261142479422134,5.81265
12.261142479422134,5.81265
12.261142479422134,5.8126497
12.261142479422134,5.8126493
12.261142479422134,5.8126497
12.261142479422134,5.81265
12.261142479422134,5.8126497
12.261142479422134,5.8126493
12.261142479422134,5.8126507
12.261142479422134,5.812651
12.261142479422134,5.8126507
12.261142479422134,5.8126507
12.261142479422134,5.81265
12.261142479422134,5.81265
12.261142479422134,5.81265
12.261142479422134,5.8126507
12.261142479422134,5.8126497
12.261142479422134,5.81265
12.261142479422134,5.8126497
12.261142479422134,5.8126507
12.261142479422134,5.81265
12.261142479422134,5.81265
12.261142479422134,5.8126497
12.261142479422134,5.8126497
12.261142479422134,5.8126493
12.261142479422134,5.8126497
12.261142479422134,5.81265
12.261142479422134,5.8126497
12.261142479422134,5.81265
12.261142479422134,5.81265
12.261142479422134,5.81265
12.261142479422134,5.81265
12.261142479422134,5.81265
12.261142479422134,5.81265
12.261142479422134,5.81265
12.261142479422134,5.8126507
12.261142479422134,5.81265
12.261142479422134,5.8126497
12.261142479422134,5.8126497
12.261142479422134,5.8126493
12.261142479422134,5.8126493
12.261142479422134,5.8126493
12.261142479422134,5.812649
12.261142479422134,5.8126493
12.261142479422134,5.8126497
12.261142479422134,5.8126493
12.261142479422134,5.8126497
12.261142479422134,5.8126497
12.261142479422134,5.8126497
12.261142479422134,5.8126497
12.261142479422134,5.8126497
12.261142479422134,5.8126497
12.261142479422134,5.8126493
12.261142479422134,5.81265
12.261142479422134,5.8126497
12.261142479422134,5.8126497
12.261142479422134,5.81265
12.261142479422134,5.81265
12.261142479422134,5.81265
12.261142479422134,5.81265
12.261142479422134,5.81265
12.261142479422134,5.81265
12.261142479422134,5.81265
12.261142479422134,5.81265
12.261142479422134,5.8126497
12.261142479422134,5.8126493
12.261142479422134,5.8126497
12.261142479422134,5.81265
12.261142479422134,5.8126497
12.261142479422134,5.8126493
12.261142479422134,5.8126507
12.261142479422134,5.812651
12.261142479422134,5.8126507
12.261142479422134,5.8126507
12.261142479422134,5.81265
12.261142479422134,5.81265
12.261142479422134,5.81265
12.261142479422134,5.8126507
12.261142479422134,5.8126497
12.261142479422134,5.81265
12.261142479422134,5.8126497
12.261142479422134,5.8126507
12.261142479422134,5.81265
12.261142479422134,5.81265
12.261142479422134,5.8126497
12.261142479422134,5.8126497
12.261142479422134,5.8126493
12.261142479422134,5.8126497
12.261142479422134,5.81265
12.261142479422134,5.8126497
12.261142479422134,5.81265
12.261142479422134,5.81265
12.261142479422134,5.81265
12.261142479422134,5.81265
12.261142479422134,5.81265
12.261142479422134,5.81265
12.261142479422134,5.81265
12.261142479422134,5.8126507
12.261142479422134,5.81265
12.261142479422134,5.8126497
12.261142479422134,5.8126497
12.261142479422134,5.8126493
12.261142479422134,5.8126493
12.261142479422134,5.8126493
12.261142479422134,5.812649
12.261142479422134,5.8126493
12.261142479422134,5.8126497
12.261142479422134,5.8126493
12.261142479422134,5.8126497
12.261142479422134,5.8126497
12.261142479422134,5.8126497
12.261142479422134,5.8126497
12.261142479422134,5.8126497
12.261142479422134,5.8126497
12.261142479422134,5.8126493
12.261142479422134,5.81265
12.261142479422134,5.8126497
12.261142479422134,5.8126497
12.261142479422134,5.81265
12.261142479422134,5.81265
12.261142479422134,5.81265
12.261142479422134,5.81265
12.261142479422134,5.81265
12.261142479422134,5.81265
12.261142479422134,5.81265
12.261142479422134,5.81265
12.261142479422134,5.8126497
12.261142479422134,5.8126493
12.261142479422134,5.8126497
12.261142479422134,5.81265
12.261142479422134,5.8126497
12.261142479422134,5.8126493
12.261142479422134,5.8126507
12.261142479422134,5.812651
12.261142479422134,5.8126507
12.261142479422134,5.8126507
12.261142479422134,5.81265
12.261142479422134,5.81265
12.261142479422134,5.81265
12.261142479422134,5.8126507
12.261142479422134,5.8126497
12.261142479422134,5.81265
12.261142479422134,5.8126497
12.261142479422134,5.8126507
12.261142479422134,5.81265
12.261142479422134,5.81265
12.261142479422134,5.8126497
12.261142479422134,5.8126497
12.261142479422134,5.8126493
12.261142479422134,5.8126497
12.261142479422134,5.81265
12.261142479422134,5.8126497
12.261142479422134,5.81265
12.261142479422134,5.81265
12.261142479422134,5.81265
12.261142479422134,5.81265
12.261142479422134,5.81265
12.261142479422134,5.81265
12.261142479422134,5.81265
12.261142479422134,5.8126507
12.261142479422134,5.81265
12.261142479422134,5.8126497
12.261142479422134,5.8126497
12.261142479422134,5.8126493
12.261142479422134,5.8126493
12.261142479422134,5.8126493
12.261142479422134,5.812649
12.261142479422134,5.8126493
12.261142479422134,5.8126497
12.261142479422134,5.8126493
12.261142479422134,5.8126497
12.261142479422134,5.8126497
12.261142479422134,5.8126497
12.261142479422134,5.8126497
12.261142479422134,5.8126497
12.261142479422134,5.8126497
12.261142479422134,5.8126493
12.261142479422134,5.81265
12.261142479422134,5.8126497
12.261142479422134,5.8126497
12.261142479422134,5.81265
12.261142479422134,5.81265
12.261142479422134,5.81265
12.261142479422134,5.81265
12.261142479422134,5.81265
12.261142479422134,5.81265
12.261142479422134,5.81265
12.261142479422134,5.81265
12.261142479422134,5.8126497
12.261142479422134,5.8126493
12.261142479422134,5.8126497
12.261142479422134,5.81265
12.261142479422134,5.8126497
12.261142479422134,5.8126493
12.261142479422134,5.8126507
12.261142479422134,5.812651
12.261142479422134,5.8126507
12.261142479422134,5.8126507
12.261142479422134,5.81265
12.261142479422134,5.81265
12.261142479422134,5.81265
12.261142479422134,5.8126507
12.261142479422134,5.8126497
12.261142479422134,5.81265
12.261142479422134,5.8126497
12.261142479422134,5.8126507
12.261142479422134,5.81265
12.261142479422134,5.81265
12.261142479422134,5.8126497
12.261142479422134,5.8126497
12.261142479422134,5.8126493
12.261142479422134,5.8126497
12.261142479422134,5.81265
12.261142479422134,5.8126497
12.261142479422134,5.81265
12.261142479422134,5.81265
12.261142479422134,5.81265
12.261142479422134,5.81265
12.261142479422134,5.81265
12.261142479422134,5.81265
12.261142479422134,5.81265
12.261142479422134,5.8126507
12.261142479422134,5.81265
12.261142479422134,5.8126497
12.261142479422134,5.8126497
12.261142479422134,5.8126493
12.261142479422134,5.8126493
12.261142479422134,5.8126493
12.261142479422134,5.812649
12.261142479422134,5.8126493
12.261142479422134,5.8126497
12.261142479422134,5.8126493
12.261142479422134,5.8126497
12.261142479422134,5.8126497
12.261142479422134,5.8126497
12.261142479422134,5.8126497
12.261142479422134,5.8126497
12.261142479422134,5.8126497
12.261142479422134,5.8126493
12.261142479422134,5.81265
12.261142479422134,5.8126497
12.261142479422134,5.8126497
12.261142479422134,5.81265
12.261142479422134,5.81265
12.261142479422134,5.81265
12.261142479422134,5.81265
12.261142479422134,5.81265
12.261142479422134,5.81265
12.261142479422134,5.81265
12.261142479422134,5.81265
12.261142479422134,5.8126497
12.261142479422134,5.8126493
12.261142479422134,5.8126497
12.261142479422134,5.81265
12.261142479422134,5.8126497
12.261142479422134,5.8126493
12.261142479422134,5.8126507
12.261142479422134,5.812651
12.261142479422134,5.8126507
12.261142479422134,5.8126507
12.261142479422134,5.81265
12.261142479422134,5.81265
12.261142479422134,5.81265
12.261142479422134,5.8126507
12.261142479422134,5.8126497
12.261142479422134,5.81265
12.261142479422134,5.8126497
12.261142479422134,5.8126507
12.261142479422134,5.81265
12.261142479422134,5.81265
12.261142479422134,5.8126497
12.261142479422134,5.8126497
12.261142479422134,5.8126493
12.261142479422134,5.8126497
12.261142479422134,5.81265
12.261142479422134,5.8126497
12.261142479422134,5.81265
12.261142479422134,5.81265
12.261142479422134,5.81265
12.261142479422134,5.81265
12.261142479422134,5.81265
12.261142479422134,5.81265
12.261142479422134,5.81265
12.261142479422134,5.8126507
12.261142479422134,5.81265
12.261142479422134,5.8126497
12.261142479422134,5.8126497
12.261142479422134,5.8126493
12.261142479422134,5.8126493
12.261142479422134,5.8126493
12.261142479422134,5.812649
12.261142479422134,5.8126493
12.261142479422134,5.8126497
12.261142479422134,5.8126493
12.261142479422134,5.8126497
12.261142479422134,5.8126497
12.261142479422134,5.8126497
12.261142479422134,5.8126497
12.261142479422134,5.8126497
12.261142479422134,5.8126497
12.261142479422134,5.8126493
12.261142479422134,5.81265
12.261142479422134,5.8126497
12.261142479422134,5.8126497
12.261142479422134,5.81265
12.261142479422134,5.81265
12.261142479422134,5.81265
12.261142479422134,5.81265
12.261142479422134,5.81265
12.261142479422134,5.81265
12.261142479422134,5.81265
12.261142479422134,5.81265
12.261142479422134,5.8126497
12.261142479422134,5.8126493
12.261142479422134,5.8126497
12.261142479422134,5.81265
12.261142479422134,5.8126497
12.261142479422134,5.8126493
12.261142479422134,5.8126507
12.261142479422134,5.812651
12.261142479422134,5.8126507
12.261142479422134,5.8126507
12.261142479422134,5.81265
12.261142479422134,5.81265
12.261142479422134,5.81265
12.261142479422134,5.8126507
12.261142479422134,5.8126497
12.261142479422134,5.81265
12.261142479422134,5.8126497
12.261142479422134,5.8126507
12.261142479422134,5.81265
12.261142479422134,5.81265
12.261142479422134,5.8126497
12.261142479422134,5.8126497
12.261142479422134,5.8126493
12.261142479422134,5.8126497
12.261142479422134,5.81265
12.261142479422134,5.8126497
12.261142479422134,5.81265
12.261142479422134,5.81265
12.261142479422134,5.81265
12.261142479422134,5.81265
12.261142479422134,5.81265
12.261142479422134,5.81265
12.261142479422134,5.81265
12.261142479422134,5.8126507
12.261142479422134,5.81265
12.261142479422134,5.8126497
12.261142479422134,5.8126497
12.261142479422134,5.8126493
12.261142479422134,5.8126493
12.261142479422134,5.8126493
12.261142479422134,5.812649
12.261142479422134,5.8126493
12.261142479422134,5.8126497
12.261142479422134,5.8126493
12.261142479422134,5.8126497
12.261142479422134,5.8126497
12.261142479422134,5.8126497
12.261142479422134,5.8126497
12.261142479422134,5.8126497
12.261142479422134,5.8126497
12.261142479422134,5.8126493
12.261142479422134,5.81265
12.261142479422134,5.8126497
12.261142479422134,5.8126497
12.261142479422134,5.81265
12.261142479422134,5.81265
12.261142479422134,5.81265
12.261142479422134,5.81265
12.261142479422134,5.81265
12.261142479422134,5.81265
12.261142479422134,5.81265
12.261142479422134,5.81265
12.261142479422134,5.8126497
12.261142479422134,5.8126493
12.261142479422134,5.8126497
12.261142479422134,5.81265
12.261142479422134,5.8126497
12.261142479422134,5.8126493
12.261142479422134,5.8126507
12.261142479422134,5.812651
12.261142479422134,5.8126507
12.261142479422134,5.8126507
12.261142479422134,5.81265
12.261142479422134,5.81265
12.261142479422134,5.81265
12.261142479422134,5.8126507
12.261142479422134,5.8126497
12.261142479422134,5.81265
12.261142479422134,5.8126497
12.261142479422134,5.8126507
12.261142479422134,5.81265
12.261142479422134,5.81265
12.261142479422134,5.8126497
12.261142479422134,5.8126497
12.261142479422134,5.8126493
12.261142479422134,5.8126497
12.261142479422134,5.81265
12.261142479422134,5.8126497
12.261142479422134,5.81265
12.261142479422134,5.81265
12.261142479422134,5.81265
12.261142479422134,5.81265
12.261142479422134,5.81265
12.261142479422134,5.81265
12.261142479422134,5.81265
12.261142479422134,5.8126507
12.261142479422134,5.81265
12.261142479422134,5.8126497
12.261142479422134,5.8126497
12.261142479422134,5.8126493
12.261142479422134,5.8126493
12.261142479422134,5.8126493
12.261142479422134,5.812649
12.261142479422134,5.8126493
12.261142479422134,5.8126497
12.261142479422134,5.8126493
12.261142479422134,5.8126497
12.261142479422134,5.8126497
12.261142479422134,5.8126497
12.261142479422134,5.8126497
12.261142479422134,5.8126497
12.261142479422134,5.8126497
12.261142479422134,5.8126493
12.261142479422134,5.81265
12.261142479422134,5.8126497
12.261142479422134,5.8126497
12.261142479422134,5.81265
12.261142479422134,5.81265
12.261142479422134,5.81265
12.261142479422134,5.81265
12.261142479422134,5.81265
12.261142479422134,5.81265
12.261142479422134,5.81265
12.261142479422134,5.81265
12.261142479422134,5.8126497
12.261142479422134,5.8126493
12.261142479422134,5.8126497
12.261142479422134,5.81265
12.261142479422134,5.8126497
12.261142479422134,5.8126493
12.261142479422134,5.8126507
12.261142479422134,5.812651
12.261142479422134,5.8126507
12.261142479422134,5.8126507
12.261142479422134,5.81265
12.261142479422134,5.81265
12.261142479422134,5.81265
12.261142479422134,5.8126507
12.261142479422134,5.8126497
12.261142479422134,5.81265
12.261142479422134,5.8126497
12.261142479422134,5.8126507
12.261142479422134,5.81265
12.261142479422134,5.81265
12.261142479422134,5.8126497
12.261142479422134,5.8126497
12.261142479422134,5.8126493
12.261142479422134,5.8126497
12.261142479422134,5.81265
12.261142479422134,5.8126497
12.261142479422134,5.81265
12.261142479422134,5.81265
12.261142479422134,5.81265
12.261142479422134,5.81265
12.261142479422134,5.81265
12.261142479422134,5.81265
12.261142479422134,5.81265
12.261142479422134,5.8126507
12.261142479422134,5.81265
12.261142479422134,5.8126497
12.261142479422134,5.8126497
12.261142479422134,5.8126493
12.261142479422134,5.8126493
12.261142479422134,5.8126493
12.261142479422134,5.812649
12.261142479422134,5.8126493
12.261142479422134,5.8126497
12.261142479422134,5.8126493
12.261142479422134,5.8126497
12.261142479422134,5.8126497
12.261142479422134,5.8126497
12.261142479422134,5.8126497
12.261142479422134,5.8126497
12.261142479422134,5.8126497
12.261142479422134,5.8126493
12.261142479422134,5.81265
12.261142479422134,5.8126497
12.261142479422134,5.8126497
12.261142479422134,5.81265
12.261142479422134,5.81265
12.261142479422134,5.81265
12.261142479422134,5.81265
12.261142479422134,5.81265
12.261142479422134,5.81265
12.261142479422134,5.81265
12.261142479422134,5.81265
12.261142479422134,5.8126497
12.261142479422134,5.8126493
12.261142479422134,5.8126497
12.261142479422134,5.81265
12.261142479422134,5.8126497
12.261142479422134,5.8126493
12.261142479422134,5.8126507
12.261142479422134,5.812651
12.261142479422134,5.8126507
12.261142479422134,5.8126507
12.261142479422134,5.81265
12.261142479422134,5.81265
12.261142479422134,5.81265
12.261142479422134,5.8126507
12.261142479422134,5.8126497
12.261142479422134,5.81265
12.261142479422134,5.8126497
12.261142479422134,5.8126507
12.261142479422134,5.81265
12.261142479422134,5.81265
12.261142479422134,5.8126497
12.261142479422134,5.8126497
12.261142479422134,5.8126493
12.261142479422134,5.8126497
12.261142479422134,5.81265
12.261142479422134,5.8126497
12.261142479422134,5.81265
12.261142479422134,5.81265
12.261142479422134,5.81265
12.261142479422134,5.81265
12.261142479422134,5.81265
12.261142479422134,5.81265
12.261142479422134,5.81265
12.261142479422134,5.8126507
12.261142479422134,5.81265
12.261142479422134,5.8126497
12.261142479422134,5.8126497
12.261142479422134,5.8126493
12.261142479422134,5.8126493
12.261142479422134,5.8126493
12.261142479422134,5.812649
12.261142479422134,5.8126493
12.261142479422134,5.8126497
12.261142479422134,5.8126493
12.261142479422134,5.8126497
12.261142479422134,5.8126497
12.261142479422134,5.8126497
12.261142479422134,5.8126497
12.261142479422134,5.8126497
12.261142479422134,5.8126497
12.261142479422134,5.8126493
12.261142479422134,5.81265
12.261142479422134,5.8126497
12.261142479422134,5.8126497
12.261142479422134,5.81265
12.261142479422134,5.81265
12.261142479422134,5.81265
12.261142479422134,5.81265
12.261142479422134,5.81265
12.261142479422134,5.81265
12.261142479422134,5.81265
12.261142479422134,5.81265
12.261142479422134,5.8126497
12.261142479422134,5.8126493
12.261142479422134,5.8126497
12.261142479422134,5.81265
12.261142479422134,5.8126497
12.261142479422134,5.8126493
12.261142479422134,5.8126507
12.261142479422134,5.812651
12.261142479422134,5.8126507
12.261142479422134,5.8126507
12.261142479422134,5.81265
12.261142479422134,5.81265
12.261142479422134,5.81265
12.261142479422134,5.8126507
12.261142479422134,5.8126497
12.261142479422134,5.81265
12.261142479422134,5.8126497
12.261142479422134,5.8126507
12.261142479422134,5.81265
12.261142479422134,5.81265
12.261142479422134,5.8126497
12.261142479422134,5.8126497
12.261142479422134,5.8126493
12.261142479422134,5.8126497
12.261142479422134,5.81265
12.261142479422134,5.8126497
12.261142479422134,5.81265
12.261142479422134,5.81265
12.261142479422134,5.81265
12.261142479422134,5.81265
12.261142479422134,5.81265
12.261142479422134,5.81265
12.261142479422134,5.81265
12.261142479422134,5.8126507
12.261142479422134,5.81265
12.261142479422134,5.8126497
12.261142479422134,5.8126497
12.261142479422134,5.8126493
12.261142479422134,5.8126493
12.261142479422134,5.8126493
12.261142479422134,5.812649
12.261142479422134,5.8126493
12.261142479422134,5.8126497
12.261142479422134,5.8126493
12.261142479422134,5.8126497
12.261142479422134,5.8126497
12.261142479422134,5.8126497
12.261142479422134,5.8126497
12.261142479422134,5.8126497
12.261142479422134,5.8126497
12.261142479422134,5.8126493
12.261142479422134,5.81265
12.261142479422134,5.8126497
12.261142479422134,5.8126497
12.261142479422134,5.81265
12.261142479422134,5.81265
12.261142479422134,5.81265
12.261142479422134,5.81265
12.261142479422134,5.81265
12.261142479422134,5.81265
12.261142479422134,5.81265
12.261142479422134,5.81265
12.261142479422134,5.8126497
12.261142479422134,5.8126493
12.261142479422134,5.8126497
12.261142479422134,5.81265
12.261142479422134,5.8126497
12.261142479422134,5.8126493
12.261142479422134,5.8126507
12.261142479422134,5.812651
12.261142479422134,5.8126507
12.261142479422134,5.8126507
12.261142479422134,5.81265
12.261142479422134,5.81265
12.261142479422134,5.81265
12.261142479422134,5.8126507
12.261142479422134,5.8126497
12.261142479422134,5.81265
12.261142479422134,5.8126497
12.261142479422134,5.8126507
12.261142479422134,5.81265
12.261142479422134,5.81265
12.261142479422134,5.8126497
12.261142479422134,5.8126497
12.261142479422134,5.8126493
12.261142479422134,5.8126497
12.261142479422134,5.81265
12.261142479422134,5.8126497
12.261142479422134,5.81265
12.261142479422134,5.81265
12.261142479422134,5.81265
12.261142479422134,5.81265
12.261142479422134,5.81265
12.261142479422134,5.81265
12.261142479422134,5.81265
12.261142479422134,5.8126507
12.261142479422134,5.81265
12.261142479422134,5.8126497
12.261142479422134,5.8126497
12.261142479422134,5.8126493
12.261142479422134,5.8126493
12.261142479422134,5.8126493
12.261142479422134,5.812649
12.261142479422134,5.8126493
12.261142479422134,5.8126497
12.261142479422134,5.8126493
12.261142479422134,5.8126497
12.261142479422134,5.8126497
12.261142479422134,5.8126497
12.261142479422134,5.8126497
12.261142479422134,5.8126497
12.261142479422134,5.8126497
12.261142479422134,5.8126493
12.261142479422134,5.81265
12.261142479422134,5.8126497
12.261142479422134,5.8126497
12.261142479422134,5.81265
12.261142479422134,5.81265
12.261142479422134,5.81265
12.261142479422134,5.81265
12.261142479422134,5.81265
12.261142479422134,5.81265
12.261142479422134,5.81265
12.261142479422134,5.81265
12.261142479422134,5.8126497
12.261142479422134,5.8126493
12.261142479422134,5.8126497
12.261142479422134,5.81265
12.261142479422134,5.8126497
12.261142479422134,5.8126493
12.261142479422134,5.8126507
12.261142479422134,5.812651
12.261142479422134,5.8126507
12.261142479422134,5.8126507
12.261142479422134,5.81265
12.261142479422134,5.81265
12.261142479422134,5.81265
12.261142479422134,5.8126507
12.261142479422134,5.8126497
12.261142479422134,5.81265
12.261142479422134,5.8126497
12.261142479422134,5.8126507
12.261142479422134,5.81265
12.261142479422134,5.81265
12.261142479422134,5.8126497
12.261142479422134,5.8126497
12.261142479422134,5.8126493
12.261142479422134,5.8126497
12.261142479422134,5.81265
12.261142479422134,5.8126497
12.261142479422134,5.81265
12.261142479422134,5.81265
12.261142479422134,5.81265
12.261142479422134,5.81265
12.261142479422134,5.81265
12.261142479422134,5.81265
12.261142479422134,5.81265
12.261142479422134,5.8126507
12.261142479422134,5.81265
12.261142479422134,5.8126497
12.261142479422134,5.8126497
12.261142479422134,5.8126493
12.261142479422134,5.8126493
12.261142479422134,5.8126493
12.261142479422134,5.812649
12.261142479422134,5.8126493
12.261142479422134,5.8126497
12.261142479422134,5.8126493
12.261142479422134,5.8126497
12.261142479422134,5.8126497
12.261142479422134,5.8126497
12.261142479422134,5.8126497
12.261142479422134,5.8126497
12.261142479422134,5.8126497
12.261142479422134,5.8126493
12.261142479422134,5.81265
12.261142479422134,5.8126497
12.261142479422134,5.8126497
12.261142479422134,5.81265
12.261142479422134,5.81265
12.261142479422134,5.81265
12.261142479422134,5.81265
12.261142479422134,5.81265
12.261142479422134,5.81265
12.261142479422134,5.81265
12.261142479422134,5.81265
12.261142479422134,5.8126497
12.261142479422134,5.8126493
12.261142479422134,5.8126497
12.261142479422134,5.81265
12.261142479422134,5.8126497
12.261142479422134,5.8126493
12.261142479422134,5.8126507
12.261142479422134,5.812651
12.261142479422134,5.8126507
12.261142479422134,5.8126507
12.261142479422134,5.81265
12.261142479422134,5.81265
12.261142479422134,5.81265
12.261142479422134,5.8126507
12.261142479422134,5.8126497
12.261142479422134,5.81265
12.261142479422134,5.8126497
12.261142479422134,5.8126507
12.261142479422134,5.81265
12.261142479422134,5.81265
12.261142479422134,5.8126497
12.261142479422134,5.8126497
12.261142479422134,5.8126493
12.261142479422134,5.8126497
12.261142479422134,5.81265
12.261142479422134,5.8126497
12.261142479422134,5.81265
12.261142479422134,5.81265
12.261142479422134,5.81265
12.261142479422134,5.81265
12.261142479422134,5.81265
12.261142479422134,5.81265
12.261142479422134,5.81265
12.261142479422134,5.8126507
12.261142479422134,5.81265
12.261142479422134,5.8126497
12.261142479422134,5.8126497
12.261142479422134,5.8126493
12.261142479422134,5.8126493
12.261142479422134,5.8126493
12.261142479422134,5.812649
12.261142479422134,5.8126493
12.261142479422134,5.8126497
12.261142479422134,5.8126493
12.261142479422134,5.8126497
12.261142479422134,5.8126497
12.261142479422134,5.8126497
12.261142479422134,5.8126497
12.261142479422134,5.8126497
12.261142479422134,5.8126497
12.261142479422134,5.8126493
12.261142479422134,5.81265
12.261142479422134,5.8126497
12.261142479422134,5.8126497
12.261142479422134,5.81265
12.261142479422134,5.81265
12.261142479422134,5.81265
12.261142479422134,5.81265
12.261142479422134,5.81265
12.261142479422134,5.81265
12.261142479422134,5.81265
12.261142479422134,5.81265
12.261142479422134,5.8126497
12.261142479422134,5.8126493
12.261142479422134,5.8126497
12.261142479422134,5.81265
12.261142479422134,5.8126497
12.261142479422134,5.8126493
12.261142479422134,5.8126507
12.261142479422134,5.812651
12.261142479422134,5.8126507
12.261142479422134,5.8126507
12.261142479422134,5.81265
12.261142479422134,5.81265
12.261142479422134,5.81265
12.261142479422134,5.8126507
12.261142479422134,5.8126497
12.261142479422134,5.81265
12.261142479422134,5.8126497
12.261142479422134,5.8126507
12.261142479422134,5.81265
12.261142479422134,5.81265
12.261142479422134,5.8126497
12.261142479422134,5.8126497
12.261142479422134,5.8126493
12.261142479422134,5.8126497
12.261142479422134,5.81265
12.261142479422134,5.8126497
12.261142479422134,5.81265
12.261142479422134,5.81265
12.261142479422134,5.81265
12.261142479422134,5.81265
12.261142479422134,5.81265
12.261142479422134,5.81265
12.261142479422134,5.81265
12.261142479422134,5.8126507
12.261142479422134,5.81265
12.261142479422134,5.8126497
12.261142479422134,5.8126497
12.261142479422134,5.8126493
12.261142479422134,5.8126493
12.261142479422134,5.8126493
12.261142479422134,5.812649
12.261142479422134,5.8126493
12.261142479422134,5.8126497
12.261142479422134,5.8126493
12.261142479422134,5.8126497
12.261142479422134,5.8126497
12.261142479422134,5.8126497
12.261142479422134,5.8126497
12.261142479422134,5.8126497
12.261142479422134,5.8126497
12.261142479422134,5.8126493
12.261142479422134,5.81265
12.261142479422134,5.8126497
12.261142479422134,5.8126497
12.261142479422134,5.81265
12.261142479422134,5.81265
12.261142479422134,5.81265
12.261142479422134,5.81265
12.261142479422134,5.81265
12.261142479422134,5.81265
12.261142479422134,5.81265
12.261142479422134,5.81265
12.261142479422134,5.8126497
12.261142479422134,5.8126493
12.261142479422134,5.8126497
12.261142479422134,5.81265
12.261142479422134,5.8126497
12.261142479422134,5.8126493
12.261142479422134,5.8126507
12.261142479422134,5.812651
12.261142479422134,5.8126507
12.261142479422134,5.8126507
12.261142479422134,5.81265
12.261142479422134,5.81265
12.261142479422134,5.81265
12.261142479422134,5.8126507
12.261142479422134,5.8126497
12.261142479422134,5.81265
12.261142479422134,5.8126497
12.261142479422134,5.8126507
12.261142479422134,5.81265
12.261142479422134,5.81265
12.261142479422134,5.8126497
12.261142479422134,5.8126497
12.261142479422134,5.8126493
12.261142479422134,5.8126497
12.261142479422134,5.81265
12.261142479422134,5.8126497
12.261142479422134,5.81265
12.261142479422134,5.81265
12.261142479422134,5.81265
12.261142479422134,5.81265
12.261142479422134,5.81265
12.261142479422134,5.81265
12.261142479422134,5.81265
12.261142479422134,5.8126507
12.261142479422134,5.81265
12.261142479422134,5.8126497
12.261142479422134,5.8126497
12.261142479422134,5.8126493
12.261142479422134,5.8126493
12.261142479422134,5.8126493
12.261142479422134,5.812649
12.261142479422134,5.8126493
12.261142479422134,5.8126497
12.261142479422134,5.8126493
12.261142479422134,5.8126497
12.261142479422134,5.8126497
12.261142479422134,5.8126497
12.261142479422134,5.8126497
12.261142479422134,5.8126497
12.261142479422134,5.8126497
12.261142479422134,5.8126493
12.261142479422134,5.81265
12.261142479422134,5.8126497
12.261142479422134,5.8126497
12.261142479422134,5.81265
12.261142479422134,5.81265
12.261142479422134,5.81265
12.261142479422134,5.81265
12.261142479422134,5.81265
12.261142479422134,5.81265
12.261142479422134,5.81265
12.261142479422134,5.81265
12.261142479422134,5.8126497
12.261142479422134,5.8126493
12.261142479422134,5.8126497
12.261142479422134,5.81265
12.261142479422134,5.8126497
12.261142479422134,5.8126493
12.261142479422134,5.8126507
12.261142479422134,5.812651
12.261142479422134,5.8126507
12.261142479422134,5.8126507
12.261142479422134,5.81265
12.261142479422134,5.81265
12.261142479422134,5.81265
12.261142479422134,5.8126507
12.261142479422134,5.8126497
12.261142479422134,5.81265
12.261142479422134,5.8126497
12.261142479422134,5.8126507
12.261142479422134,5.81265
12.261142479422134,5.81265
12.261142479422134,5.8126497
12.261142479422134,5.8126497
12.261142479422134,5.8126493
12.261142479422134,5.8126497
12.261142479422134,5.81265
12.261142479422134,5.8126497
12.261142479422134,5.81265
12.261142479422134,5.81265
12.261142479422134,5.81265
12.261142479422134,5.81265
12.261142479422134,5.81265
12.261142479422134,5.81265
12.261142479422134,5.81265
12.261142479422134,5.8126507
12.261142479422134,5.81265
12.261142479422134,5.8126497
12.261142479422134,5.8126497
12.261142479422134,5.8126493
12.261142479422134,5.8126493
12.261142479422134,5.8126493
12.261142479422134,5.812649
12.261142479422134,5.8126493
12.261142479422134,5.8126497
12.261142479422134,5.8126493
12.261142479422134,5.8126497
12.261142479422134,5.8126497
12.261142479422134,5.8126497
12.261142479422134,5.8126497
12.261142479422134,5.8126497
12.261142479422134,5.8126497
12.261142479422134,5.8126493
12.261142479422134,5.81265
12.261142479422134,5.8126497
12.261142479422134,5.8126497
12.261142479422134,5.81265
12.261142479422134,5.81265
12.261142479422134,5.81265
12.261142479422134,5.81265
12.261142479422134,5.81265
12.261142479422134,5.81265
12.261142479422134,5.81265
12.261142479422134,5.81265
12.261142479422134,5.8126497
12.261142479422134,5.8126493
12.261142479422134,5.8126497
12.261142479422134,5.81265
12.261142479422134,5.8126497
12.261142479422134,5.8126493
12.261142479422134,5.8126507
12.261142479422134,5.812651
12.261142479422134,5.8126507
12.261142479422134,5.8126507
12.261142479422134,5.81265
12.261142479422134,5.81265
12.261142479422134,5.81265
12.261142479422134,5.8126507
12.261142479422134,5.8126497
12.261142479422134,5.81265
12.261142479422134,5.8126497
12.261142479422134,5.8126507
12.261142479422134,5.81265
12.261142479422134,5.81265
12.261142479422134,5.8126497
12.261142479422134,5.8126497
12.261142479422134,5.8126493
12.261142479422134,5.8126497
12.261142479422134,5.81265
12.261142479422134,5.8126497
12.261142479422134,5.81265
12.261142479422134,5.81265
12.261142479422134,5.81265
12.261142479422134,5.81265
12.261142479422134,5.81265
12.261142479422134,5.81265
12.261142479422134,5.81265
12.261142479422134,5.8126507
12.261142479422134,5.81265
12.261142479422134,5.8126497
12.261142479422134,5.8126497
12.261142479422134,5.8126493
12.261142479422134,5.8126493
12.261142479422134,5.8126493
12.261142479422134,5.812649
12.261142479422134,5.8126493
12.261142479422134,5.8126497
12.261142479422134,5.8126493
12.261142479422134,5.8126497
12.261142479422134,5.8126497
12.261142479422134,5.8126497
12.261142479422134,5.8126497
12.261142479422134,5.8126497
12.261142479422134,5.8126497
12.261142479422134,5.8126493
12.261142479422134,5.81265
12.261142479422134,5.8126497
12.261142479422134,5.8126497
12.261142479422134,5.81265
12.261142479422134,5.81265
12.261142479422134,5.81265
12.261142479422134,5.81265
12.261142479422134,5.81265
12.261142479422134,5.81265
12.261142479422134,5.81265
12.261142479422134,5.81265
12.261142479422134,5.8126497
12.261142479422134,5.8126493
12.261142479422134,5.8126497
12.261142479422134,5.81265
12.261142479422134,5.8126497
12.261142479422134,5.8126493
12.261142479422134,5.8126507
12.261142479422134,5.812651
12.261142479422134,5.8126507
12.261142479422134,5.8126507
12.261142479422134,5.81265
12.261142479422134,5.81265
12.261142479422134,5.81265
12.261142479422134,5.8126507
12.261142479422134,5.8126497
12.261142479422134,5.81265
12.261142479422134,5.8126497
12.261142479422134,5.8126507
12.261142479422134,5.81265
12.261142479422134,5.81265
12.261142479422134,5.8126497
12.261142479422134,5.8126497
12.261142479422134,5.8126493
12.261142479422134,5.8126497
12.261142479422134,5.81265
12.261142479422134,5.8126497
12.261142479422134,5.81265
12.261142479422134,5.81265
12.261142479422134,5.81265
12.261142479422134,5.81265
12.261142479422134,5.81265
12.261142479422134,5.81265
12.261142479422134,5.81265
12.261142479422134,5.8126507
12.261142479422134,5.81265
12.261142479422134,5.8126497
12.261142479422134,5.8126497
12.261142479422134,5.8126493
12.261142479422134,5.8126493
12.261142479422134,5.8126493
12.261142479422134,5.812649
12.261142479422134,5.8126493
12.261142479422134,5.8126497
12.261142479422134,5.8126493
12.261142479422134,5.8126497
12.261142479422134,5.8126497
12.261142479422134,5.8126497
12.261142479422134,5.8126497
12.261142479422134,5.8126497
12.261142479422134,5.8126497
12.261142479422134,5.8126493
12.261142479422134,5.81265
12.261142479422134,5.8126497
12.261142479422134,5.8126497
12.261142479422134,5.81265
12.261142479422134,5.81265
12.261142479422134,5.81265
12.261142479422134,5.81265
12.261142479422134,5.81265
12.261142479422134,5.81265
12.261142479422134,5.81265
12.261142479422134,5.81265
12.261142479422134,5.8126497
12.261142479422134,5.8126493
12.261142479422134,5.8126497
12.261142479422134,5.81265
12.261142479422134,5.8126497
12.261142479422134,5.8126493
12.261142479422134,5.8126507
12.261142479422134,5.812651
12.261142479422134,5.8126507
12.261142479422134,5.8126507
12.261142479422134,5.81265
12.261142479422134,5.81265
12.261142479422134,5.81265
12.261142479422134,5.8126507
12.261142479422134,5.8126497
12.261142479422134,5.81265
12.261142479422134,5.8126497
12.261142479422134,5.8126507
12.261142479422134,5.81265
12.261142479422134,5.81265
12.261142479422134,5.8126497
12.261142479422134,5.8126497
12.261142479422134,5.8126493
12.261142479422134,5.8126497
12.261142479422134,5.81265
12.261142479422134,5.8126497
12.261142479422134,5.81265
12.261142479422134,5.81265
12.261142479422134,5.81265
12.261142479422134,5.81265
12.261142479422134,5.81265
12.261142479422134,5.81265
12.261142479422134,5.81265
12.261142479422134,5.8126507
12.261142479422134,5.81265
12.261142479422134,5.8126497
12.261142479422134,5.8126497
12.261142479422134,5.8126493
12.261142479422134,5.8126493
12.261142479422134,5.8126493
12.261142479422134,5.812649
12.261142479422134,5.8126493
12.261142479422134,5.8126497
12.261142479422134,5.8126493
12.261142479422134,5.8126497
12.261142479422134,5.8126497
12.261142479422134,5.8126497
12.261142479422134,5.8126497
12.261142479422134,5.8126497
12.261142479422134,5.8126497
12.261142479422134,5.8126493
12.261142479422134,5.81265
12.261142479422134,5.8126497
12.261142479422134,5.8126497
12.261142479422134,5.81265
12.261142479422134,5.81265
12.261142479422134,5.81265
12.261142479422134,5.81265
12.261142479422134,5.81265
12.261142479422134,5.81265
12.261142479422134,5.81265
12.261142479422134,5.81265
12.261142479422134,5.8126497
12.261142479422134,5.8126493
12.261142479422134,5.8126497
12.261142479422134,5.81265
12.261142479422134,5.8126497
12.261142479422134,5.8126493
12.261142479422134,5.8126507
12.261142479422134,5.812651
12.261142479422134,5.8126507
12.261142479422134,5.8126507
12.261142479422134,5.81265
12.261142479422134,5.81265
12.261142479422134,5.81265
12.261142479422134,5.8126507
12.261142479422134,5.8126497
12.261142479422134,5.81265
12.261142479422134,5.8126497
12.261142479422134,5.8126507
12.261142479422134,5.81265
12.261142479422134,5.81265
12.261142479422134,5.8126497
12.261142479422134,5.8126497
12.261142479422134,5.8126493
12.261142479422134,5.8126497
12.261142479422134,5.81265
12.261142479422134,5.8126497
12.261142479422134,5.81265
12.261142479422134,5.81265
12.261142479422134,5.81265
12.261142479422134,5.81265
12.261142479422134,5.81265
12.261142479422134,5.81265
12.261142479422134,5.81265
12.261142479422134,5.8126507
12.261142479422134,5.81265
12.261142479422134,5.8126497
12.261142479422134,5.8126497
12.261142479422134,5.8126493
12.261142479422134,5.8126493
12.261142479422134,5.8126493
12.261142479422134,5.812649
12.261142479422134,5.8126493
12.261142479422134,5.8126497
12.261142479422134,5.8126493
12.261142479422134,5.8126497
12.261142479422134,5.8126497
12.261142479422134,5.8126497
12.261142479422134,5.8126497
12.261142479422134,5.8126497
12.261142479422134,5.8126497
12.261142479422134,5.8126493
12.261142479422134,5.81265
12.261142479422134,5.8126497
12.261142479422134,5.8126497
12.261142479422134,5.81265
12.261142479422134,5.81265
12.261142479422134,5.81265
12.261142479422134,5.81265
12.261142479422134,5.81265
12.261142479422134,5.81265
12.261142479422134,5.81265
12.261142479422134,5.81265
12.261142479422134,5.8126497
12.261142479422134,5.8126493
12.261142479422134,5.8126497
12.261142479422134,5.81265
12.261142479422134,5.8126497
12.261142479422134,5.8126493
12.261142479422134,5.8126507
12.261142479422134,5.812651
12.261142479422134,5.8126507
12.261142479422134,5.8126507
12.261142479422134,5.81265
12.261142479422134,5.81265
12.261142479422134,5.81265
12.261142479422134,5.8126507
12.261142479422134,5.8126497
12.261142479422134,5.81265
12.261142479422134,5.8126497
12.261142479422134,5.8126507
12.261142479422134,5.81265
12.261142479422134,5.81265
12.261142479422134,5.8126497
12.261142479422134,5.8126497
12.261142479422134,5.8126493
12.261142479422134,5.8126497
12.261142479422134,5.81265
12.261142479422134,5.8126497
12.261142479422134,5.81265
12.261142479422134,5.81265
12.261142479422134,5.81265
12.261142479422134,5.81265
12.261142479422134,5.81265
12.261142479422134,5.81265
12.261142479422134,5.81265
12.261142479422134,5.8126507
12.261142479422134,5.81265
12.261142479422134,5.8126497
12.261142479422134,5.8126497
12.261142479422134,5.8126493
12.261142479422134,5.8126493
12.261142479422134,5.8126493
12.261142479422134,5.812649
12.261142479422134,5.8126493
12.261142479422134,5.8126497
12.261142479422134,5.8126493
12.261142479422134,5.8126497
12.261142479422134,5.8126497
12.261142479422134,5.8126497
12.261142479422134,5.8126497
12.261142479422134,5.8126497
12.261142479422134,5.8126497
12.261142479422134,5.8126493
12.261142479422134,5.81265
12.261142479422134,5.8126497
12.261142479422134,5.8126497
12.261142479422134,5.81265
12.261142479422134,5.81265
12.261142479422134,5.81265
12.261142479422134,5.81265
12.261142479422134,5.81265
12.261142479422134,5.81265
12.261142479422134,5.81265
12.261142479422134,5.81265
12.261142479422134,5.8126497
12.261142479422134,5.8126493
12.261142479422134,5.8126497
12.261142479422134,5.81265
12.261142479422134,5.8126497
12.261142479422134,5.8126493
12.261142479422134,5.8126507
12.261142479422134,5.812651
12.261142479422134,5.8126507
12.261142479422134,5.8126507
12.261142479422134,5.81265
12.261142479422134,5.81265
12.261142479422134,5.81265
12.261142479422134,5.8126507
12.261142479422134,5.8126497
12.261142479422134,5.81265
12.261142479422134,5.8126497
12.261142479422134,5.8126507
12.261142479422134,5.81265
12.261142479422134,5.81265
12.261142479422134,5.8126497
12.261142479422134,5.8126497
12.261142479422134,5.8126493
12.261142479422134,5.8126497
12.261142479422134,5.81265
12.261142479422134,5.8126497
12.261142479422134,5.81265
12.261142479422134,5.81265
12.261142479422134,5.81265
12.261142479422134,5.81265
12.261142479422134,5.81265
12.261142479422134,5.81265
12.261142479422134,5.81265
12.261142479422134,5.8126507
12.261142479422134,5.81265
12.261142479422134,5.8126497
12.261142479422134,5.8126497
12.261142479422134,5.8126493
12.261142479422134,5.8126493
12.261142479422134,5.8126493
12.261142479422134,5.812649
12.261142479422134,5.8126493
12.261142479422134,5.8126497
12.261142479422134,5.8126493
12.261142479422134,5.8126497
12.261142479422134,5.8126497
12.261142479422134,5.8126497
12.261142479422134,5.8126497
12.261142479422134,5.8126497
12.261142479422134,5.8126497
12.261142479422134,5.8126493
12.261142479422134,5.81265
12.261142479422134,5.8126497
12.261142479422134,5.8126497
12.261142479422134,5.81265
12.261142479422134,5.81265
12.261142479422134,5.81265
12.261142479422134,5.81265
12.261142479422134,5.81265
12.261142479422134,5.81265
12.261142479422134,5.81265
12.261142479422134,5.81265
12.261142479422134,5.8126497
12.261142479422134,5.8126493
12.261142479422134,5.8126497
12.261142479422134,5.81265
12.261142479422134,5.8126497
12.261142479422134,5.8126493
12.261142479422134,5.8126507
12.261142479422134,5.812651
12.261142479422134,5.8126507
12.261142479422134,5.8126507
12.261142479422134,5.81265
12.261142479422134,5.81265
12.261142479422134,5.81265
12.261142479422134,5.8126507
12.261142479422134,5.8126497
12.261142479422134,5.81265
12.261142479422134,5.8126497
12.261142479422134,5.8126507
12.261142479422134,5.81265
12.261142479422134,5.81265
12.261142479422134,5.8126497
12.261142479422134,5.8126497
12.261142479422134,5.8126493
12.261142479422134,5.8126497
12.261142479422134,5.81265
12.261142479422134,5.8126497
12.261142479422134,5.81265
12.261142479422134,5.81265
12.261142479422134,5.81265
12.261142479422134,5.81265
12.261142479422134,5.81265
12.261142479422134,5.81265
12.261142479422134,5.81265
12.261142479422134,5.8126507
12.261142479422134,5.81265
12.261142479422134,5.8126497
12.261142479422134,5.8126497
12.261142479422134,5.8126493
12.261142479422134,5.8126493
12.261142479422134,5.8126493
12.261142479422134,5.812649
12.261142479422134,5.8126493
12.261142479422134,5.8126497
12.261142479422134,5.8126493
12.261142479422134,5.8126497
12.261142479422134,5.8126497
12.261142479422134,5.8126497
12.261142479422134,5.8126497
12.261142479422134,5.8126497
12.261142479422134,5.8126497
12.261142479422134,5.8126493
12.261142479422134,5.81265
12.261142479422134,5.8126497
12.261142479422134,5.8126497
12.261142479422134,5.81265
12.261142479422134,5.81265
12.261142479422134,5.81265
12.261142479422134,5.81265
12.261142479422134,5.81265
12.261142479422134,5.81265
12.261142479422134,5.81265
12.261142479422134,5.81265
12.261142479422134,5.8126497
12.261142479422134,5.8126493
12.261142479422134,5.8126497
12.261142479422134,5.81265
12.261142479422134,5.8126497
12.261142479422134,5.8126493
12.261142479422134,5.8126507
12.261142479422134,5.812651
12.261142479422134,5.8126507
12.261142479422134,5.8126507
12.261142479422134,5.81265
12.261142479422134,5.81265
12.261142479422134,5.81265
12.261142479422134,5.8126507
12.261142479422134,5.8126497
12.261142479422134,5.81265
12.261142479422134,5.8126497
12.261142479422134,5.8126507
12.261142479422134,5.81265
12.261142479422134,5.81265
12.261142479422134,5.8126497
12.261142479422134,5.8126497
12.261142479422134,5.8126493
12.261142479422134,5.8126497
12.261142479422134,5.81265
12.261142479422134,5.8126497
12.261142479422134,5.81265
12.261142479422134,5.81265
12.261142479422134,5.81265
12.261142479422134,5.81265
12.261142479422134,5.81265
12.261142479422134,5.81265
12.261142479422134,5.81265
12.261142479422134,5.8126507
12.261142479422134,5.81265
12.261142479422134,5.8126497
12.261142479422134,5.8126497
12.261142479422134,5.8126493
12.261142479422134,5.8126493
12.261142479422134,5.8126493
12.261142479422134,5.812649
12.261142479422134,5.8126493
12.261142479422134,5.8126497
12.261142479422134,5.8126493
12.261142479422134,5.8126497
12.261142479422134,5.8126497
12.261142479422134,5.8126497
12.261142479422134,5.8126497
12.261142479422134,5.8126497
12.261142479422134,5.8126497
12.261142479422134,5.8126493
12.261142479422134,5.81265
12.261142479422134,5.8126497
12.261142479422134,5.8126497
12.261142479422134,5.81265
12.261142479422134,5.81265
12.261142479422134,5.81265
12.261142479422134,5.81265
12.261142479422134,5.81265
12.261142479422134,5.81265
12.261142479422134,5.81265
12.261142479422134,5.81265
12.261142479422134,5.8126497
12.261142479422134,5.8126493
12.261142479422134,5.8126497
12.261142479422134,5.81265
12.261142479422134,5.8126497
12.261142479422134,5.8126493
12.261142479422134,5.8126507
12.261142479422134,5.812651
12.261142479422134,5.8126507
12.261142479422134,5.8126507
12.261142479422134,5.81265
12.261142479422134,5.81265
12.261142479422134,5.81265
12.261142479422134,5.8126507
12.261142479422134,5.8126497
12.261142479422134,5.81265
12.261142479422134,5.8126497
12.261142479422134,5.8126507
12.261142479422134,5.81265
12.261142479422134,5.81265
12.261142479422134,5.8126497
12.261142479422134,5.8126497
12.261142479422134,5.8126493
12.261142479422134,5.8126497
12.261142479422134,5.81265
12.261142479422134,5.8126497
12.261142479422134,5.81265
12.261142479422134,5.81265
12.261142479422134,5.81265
12.261142479422134,5.81265
12.261142479422134,5.81265
12.261142479422134,5.81265
12.261142479422134,5.81265
12.261142479422134,5.8126507
12.261142479422134,5.81265
12.261142479422134,5.8126497
12.261142479422134,5.8126497
12.261142479422134,5.8126493
12.261142479422134,5.8126493
12.261142479422134,5.8126493
12.261142479422134,5.812649
12.261142479422134,5.8126493
12.261142479422134,5.8126497
12.261142479422134,5.8126493
12.261142479422134,5.8126497
12.261142479422134,5.8126497
12.261142479422134,5.8126497
12.261142479422134,5.8126497
12.261142479422134,5.8126497
12.261142479422134,5.8126497
12.261142479422134,5.8126493
12.261142479422134,5.81265
12.261142479422134,5.8126497
12.261142479422134,5.8126497
12.261142479422134,5.81265
12.261142479422134,5.81265
12.261142479422134,5.81265
12.261142479422134,5.81265
12.261142479422134,5.81265
12.261142479422134,5.81265
12.261142479422134,5.81265
12.261142479422134,5.81265
12.261142479422134,5.8126497
12.261142479422134,5.8126493
12.261142479422134,5.8126497
12.261142479422134,5.81265
12.261142479422134,5.8126497
12.261142479422134,5.8126493
12.261142479422134,5.8126507
12.261142479422134,5.812651
12.261142479422134,5.8126507
12.261142479422134,5.8126507
12.261142479422134,5.81265
12.261142479422134,5.81265
12.261142479422134,5.81265
12.261142479422134,5.8126507
12.261142479422134,5.8126497
12.261142479422134,5.81265
12.261142479422134,5.8126497
12.261142479422134,5.8126507
12.261142479422134,5.81265
12.261142479422134,5.81265
12.261142479422134,5.8126497
12.261142479422134,5.8126497
12.261142479422134,5.8126493
12.261142479422134,5.8126497
12.261142479422134,5.81265
12.261142479422134,5.8126497
12.261142479422134,5.81265
12.261142479422134,5.81265
12.261142479422134,5.81265
12.261142479422134,5.81265
12.261142479422134,5.81265
12.261142479422134,5.81265
12.261142479422134,5.81265
12.261142479422134,5.8126507
12.261142479422134,5.81265
12.261142479422134,5.8126497
12.261142479422134,5.8126497
12.261142479422134,5.8126493
12.261142479422134,5.8126493
12.261142479422134,5.8126493
12.261142479422134,5.812649
12.261142479422134,5.8126493
12.261142479422134,5.8126497
12.261142479422134,5.8126493
12.261142479422134,5.8126497
12.261142479422134,5.8126497
12.261142479422134,5.8126497
12.261142479422134,5.8126497
12.261142479422134,5.8126497
12.261142479422134,5.8126497
12.261142479422134,5.8126493
12.261142479422134,5.81265
12.261142479422134,5.8126497
12.261142479422134,5.8126497
12.261142479422134,5.81265
12.261142479422134,5.81265
12.261142479422134,5.81265
12.261142479422134,5.81265
12.261142479422134,5.81265
12.261142479422134,5.81265
12.261142479422134,5.81265
12.261142479422134,5.81265
12.261142479422134,5.8126497
12.261142479422134,5.8126493
12.261142479422134,5.8126497
12.261142479422134,5.81265
12.261142479422134,5.8126497
12.261142479422134,5.8126493
12.261142479422134,5.8126507
12.261142479422134,5.812651
12.261142479422134,5.8126507
12.261142479422134,5.8126507
12.261142479422134,5.81265
12.261142479422134,5.81265
12.261142479422134,5.81265
12.261142479422134,5.8126507
12.261142479422134,5.8126497
12.261142479422134,5.81265
12.261142479422134,5.8126497
12.261142479422134,5.8126507
12.261142479422134,5.81265
12.261142479422134,5.81265
12.261142479422134,5.8126497
12.261142479422134,5.8126497
12.261142479422134,5.8126493
12.261142479422134,5.8126497
12.261142479422134,5.81265
12.261142479422134,5.8126497
12.261142479422134,5.81265
12.261142479422134,5.81265
12.261142479422134,5.81265
12.261142479422134,5.81265
12.261142479422134,5.81265
12.261142479422134,5.81265
12.261142479422134,5.81265
12.261142479422134,5.8126507
12.261142479422134,5.81265
12.261142479422134,5.8126497
12.261142479422134,5.8126497
12.261142479422134,5.8126493
12.261142479422134,5.8126493
12.261142479422134,5.8126493
12.261142479422134,5.812649
12.261142479422134,5.8126493
12.261142479422134,5.8126497
12.261142479422134,5.8126493
12.261142479422134,5.8126497
12.261142479422134,5.8126497
12.261142479422134,5.8126497
12.261142479422134,5.8126497
12.261142479422134,5.8126497
12.261142479422134,5.8126497
12.261142479422134,5.8126493
12.261142479422134,5.81265
12.261142479422134,5.8126497
12.261142479422134,5.8126497
12.261142479422134,5.81265
12.261142479422134,5.81265
12.261142479422134,5.81265
12.261142479422134,5.81265
12.261142479422134,5.81265
12.261142479422134,5.81265
12.261142479422134,5.81265
12.261142479422134,5.81265
12.261142479422134,5.8126497
12.261142479422134,5.8126493
12.261142479422134,5.8126497
12.261142479422134,5.81265
12.261142479422134,5.8126497
12.261142479422134,5.8126493
12.261142479422134,5.8126507
12.261142479422134,5.812651
12.261142479422134,5.8126507
12.261142479422134,5.8126507
12.261142479422134,5.81265
12.261142479422134,5.81265
12.261142479422134,5.81265
12.261142479422134,5.8126507
12.261142479422134,5.8126497
12.261142479422134,5.81265
12.261142479422134,5.8126497
12.261142479422134,5.8126507
12.261142479422134,5.81265
12.261142479422134,5.81265
12.261142479422134,5.8126497
12.261142479422134,5.8126497
12.261142479422134,5.8126493
12.261142479422134,5.8126497
12.261142479422134,5.81265
12.261142479422134,5.8126497
12.261142479422134,5.81265
12.261142479422134,5.81265
12.261142479422134,5.81265
12.261142479422134,5.81265
12.261142479422134,5.81265
12.261142479422134,5.81265
12.261142479422134,5.81265
12.261142479422134,5.8126507
12.261142479422134,5.81265
12.261142479422134,5.8126497
12.261142479422134,5.8126497
12.261142479422134,5.8126493
12.261142479422134,5.8126493
12.261142479422134,5.8126493
12.261142479422134,5.812649
12.261142479422134,5.8126493
12.261142479422134,5.8126497
12.261142479422134,5.8126493
12.261142479422134,5.8126497
12.261142479422134,5.8126497
12.261142479422134,5.8126497
12.261142479422134,5.8126497
12.261142479422134,5.8126497
12.261142479422134,5.8126497
12.261142479422134,5.8126493
12.261142479422134,5.81265
12.261142479422134,5.8126497
12.261142479422134,5.8126497
12.261142479422134,5.81265
12.261142479422134,5.81265
12.261142479422134,5.81265
12.261142479422134,5.81265
12.261142479422134,5.81265
12.261142479422134,5.81265
12.261142479422134,5.81265
12.261142479422134,5.81265
12.261142479422134,5.8126497
12.261142479422134,5.8126493
12.261142479422134,5.8126497
12.261142479422134,5.81265
12.261142479422134,5.8126497
12.261142479422134,5.8126493
12.261142479422134,5.8126507
12.261142479422134,5.812651
12.261142479422134,5.8126507
12.261142479422134,5.8126507
12.261142479422134,5.81265
12.261142479422134,5.81265
12.261142479422134,5.81265
12.261142479422134,5.8126507
12.261142479422134,5.8126497
12.261142479422134,5.81265
12.261142479422134,5.8126497
12.261142479422134,5.8126507
12.261142479422134,5.81265
12.261142479422134,5.81265
12.261142479422134,5.8126497
12.261142479422134,5.8126497
12.261142479422134,5.8126493
12.261142479422134,5.8126497
12.261142479422134,5.81265
12.261142479422134,5.8126497
12.261142479422134,5.81265
12.261142479422134,5.81265
12.261142479422134,5.81265
12.261142479422134,5.81265
12.261142479422134,5.81265
12.261142479422134,5.81265
12.261142479422134,5.81265
12.261142479422134,5.8126507
12.261142479422134,5.81265
12.261142479422134,5.8126497
12.261142479422134,5.8126497
12.261142479422134,5.8126493
12.261142479422134,5.8126493
12.261142479422134,5.8126493
12.261142479422134,5.812649
12.261142479422134,5.8126493
12.261142479422134,5.8126497
12.261142479422134,5.8126493
12.261142479422134,5.8126497
12.261142479422134,5.8126497
12.261142479422134,5.8126497
12.261142479422134,5.8126497
12.261142479422134,5.8126497
12.261142479422134,5.8126497
12.261142479422134,5.8126493
12.261142479422134,5.81265
12.261142479422134,5.8126497
12.261142479422134,5.8126497
12.261142479422134,5.81265
12.261142479422134,5.81265
12.261142479422134,5.81265
12.261142479422134,5.81265
12.261142479422134,5.81265
12.261142479422134,5.81265
12.261142479422134,5.81265
12.261142479422134,5.81265
12.261142479422134,5.8126497
12.261142479422134,5.8126493
12.261142479422134,5.8126497
12.261142479422134,5.81265
12.261142479422134,5.8126497
12.261142479422134,5.8126493
12.261142479422134,5.8126507
12.261142479422134,5.812651
12.261142479422134,5.8126507
12.261142479422134,5.8126507
12.261142479422134,5.81265
12.261142479422134,5.81265
12.261142479422134,5.81265
12.261142479422134,5.8126507
12.261142479422134,5.8126497
12.261142479422134,5.81265
12.261142479422134,5.8126497
12.261142479422134,5.8126507
12.261142479422134,5.81265
12.261142479422134,5.81265
12.261142479422134,5.8126497
12.261142479422134,5.8126497
12.261142479422134,5.8126493
12.261142479422134,5.8126497
12.261142479422134,5.81265
12.261142479422134,5.8126497
12.261142479422134,5.81265
12.261142479422134,5.81265
12.261142479422134,5.81265
12.261142479422134,5.81265
12.261142479422134,5.81265
12.261142479422134,5.81265
12.261142479422134,5.81265
12.261142479422134,5.8126507
12.261142479422134,5.81265
12.261142479422134,5.8126497
12.261142479422134,5.8126497
12.261142479422134,5.8126493
12.261142479422134,5.8126493
12.261142479422134,5.8126493
12.261142479422134,5.812649
12.261142479422134,5.8126493
12.261142479422134,5.8126497
12.261142479422134,5.8126493
12.261142479422134,5.8126497
12.261142479422134,5.8126497
12.261142479422134,5.8126497
12.261142479422134,5.8126497
12.261142479422134,5.8126497
12.261142479422134,5.8126497
12.261142479422134,5.8126493
12.261142479422134,5.81265
12.261142479422134,5.8126497
12.261142479422134,5.8126497
12.261142479422134,5.81265
12.261142479422134,5.81265
12.261142479422134,5.81265
12.261142479422134,5.81265
12.261142479422134,5.81265
12.261142479422134,5.81265
12.261142479422134,5.81265
12.261142479422134,5.81265
12.261142479422134,5.8126497
12.261142479422134,5.8126493
12.261142479422134,5.8126497
12.261142479422134,5.81265
12.261142479422134,5.8126497
12.261142479422134,5.8126493
12.261142479422134,5.8126507
12.261142479422134,5.812651
12.261142479422134,5.8126507
12.261142479422134,5.8126507
12.261142479422134,5.81265
12.261142479422134,5.81265
12.261142479422134,5.81265
12.261142479422134,5.8126507
12.261142479422134,5.8126497
12.261142479422134,5.81265
12.261142479422134,5.8126497
12.261142479422134,5.8126507
12.261142479422134,5.81265
12.261142479422134,5.81265
12.261142479422134,5.8126497
12.261142479422134,5.8126497
12.261142479422134,5.8126493
12.261142479422134,5.8126497
12.261142479422134,5.81265
12.261142479422134,5.8126497
12.261142479422134,5.81265
12.261142479422134,5.81265
12.261142479422134,5.81265
12.261142479422134,5.81265
12.261142479422134,5.81265
12.261142479422134,5.81265
12.261142479422134,5.81265
12.261142479422134,5.8126507
12.261142479422134,5.81265
12.261142479422134,5.8126497
12.261142479422134,5.8126497
12.261142479422134,5.8126493
12.261142479422134,5.8126493
12.261142479422134,5.8126493
12.261142479422134,5.812649
12.261142479422134,5.8126493
12.261142479422134,5.8126497
12.261142479422134,5.8126493
12.261142479422134,5.8126497
12.261142479422134,5.8126497
12.261142479422134,5.8126497
12.261142479422134,5.8126497
12.261142479422134,5.8126497
12.261142479422134,5.8126497
12.261142479422134,5.8126493
12.261142479422134,5.81265
12.261142479422134,5.8126497
12.261142479422134,5.8126497
12.261142479422134,5.81265
12.261142479422134,5.81265
12.261142479422134,5.81265
12.261142479422134,5.81265
12.261142479422134,5.81265
12.261142479422134,5.81265
12.261142479422134,5.81265
12.261142479422134,5.81265
12.261142479422134,5.8126497
12.261142479422134,5.8126493
12.261142479422134,5.8126497
12.261142479422134,5.81265
12.261142479422134,5.8126497
12.261142479422134,5.8126493
12.261142479422134,5.8126507
12.261142479422134,5.812651
12.261142479422134,5.8126507
12.261142479422134,5.8126507
12.261142479422134,5.81265
12.261142479422134,5.81265
12.261142479422134,5.81265
12.261142479422134,5.8126507
12.261142479422134,5.8126497
12.261142479422134,5.81265
12.261142479422134,5.8126497
12.261142479422134,5.8126507
12.261142479422134,5.81265
12.261142479422134,5.81265
12.261142479422134,5.8126497
12.261142479422134,5.8126497
12.261142479422134,5.8126493
12.261142479422134,5.8126497
12.261142479422134,5.81265
12.261142479422134,5.8126497
12.261142479422134,5.81265
12.261142479422134,5.81265
12.261142479422134,5.81265
12.261142479422134,5.81265
12.261142479422134,5.81265
12.261142479422134,5.81265
12.261142479422134,5.81265
12.261142479422134,5.8126507
12.261142479422134,5.81265
12.261142479422134,5.8126497
12.261142479422134,5.8126497
12.261142479422134,5.8126493
12.261142479422134,5.8126493
12.261142479422134,5.8126493
12.261142479422134,5.812649
12.261142479422134,5.8126493
12.261142479422134,5.8126497
12.261142479422134,5.8126493
12.261142479422134,5.8126497
12.261142479422134,5.8126497
12.261142479422134,5.8126497
12.261142479422134,5.8126497
12.261142479422134,5.8126497
12.261142479422134,5.8126497
12.261142479422134,5.8126493
12.261142479422134,5.81265
12.261142479422134,5.8126497
12.261142479422134,5.8126497
12.261142479422134,5.81265
12.261142479422134,5.81265
12.261142479422134,5.81265
12.261142479422134,5.81265
12.261142479422134,5.81265
12.261142479422134,5.81265
12.261142479422134,5.81265
12.261142479422134,5.81265
12.261142479422134,5.8126497
12.261142479422134,5.8126493
12.261142479422134,5.8126497
12.261142479422134,5.81265
12.261142479422134,5.8126497
12.261142479422134,5.8126493
12.261142479422134,5.8126507
12.261142479422134,5.812651
12.261142479422134,5.8126507
12.261142479422134,5.8126507
12.261142479422134,5.81265
12.261142479422134,5.81265
12.261142479422134,5.81265
12.261142479422134,5.8126507
12.261142479422134,5.8126497
12.261142479422134,5.81265
12.261142479422134,5.8126497
12.261142479422134,5.8126507
12.261142479422134,5.81265
12.261142479422134,5.81265
12.261142479422134,5.8126497
12.261142479422134,5.8126497
12.261142479422134,5.8126493
12.261142479422134,5.8126497
12.261142479422134,5.81265
12.261142479422134,5.8126497
12.261142479422134,5.81265
12.261142479422134,5.81265
12.261142479422134,5.81265
12.261142479422134,5.81265
12.261142479422134,5.81265
12.261142479422134,5.81265
12.261142479422134,5.81265
12.261142479422134,5.8126507
12.261142479422134,5.81265
12.261142479422134,5.8126497
12.261142479422134,5.8126497
12.261142479422134,5.8126493
12.261142479422134,5.8126493
12.261142479422134,5.8126493
12.261142479422134,5.812649
12.261142479422134,5.8126493
12.261142479422134,5.8126497
12.261142479422134,5.8126493
12.261142479422134,5.8126497
12.261142479422134,5.8126497
12.261142479422134,5.8126497
12.261142479422134,5.8126497
12.261142479422134,5.8126497
12.261142479422134,5.8126497
12.261142479422134,5.8126493
12.261142479422134,5.81265
12.261142479422134,5.8126497
12.261142479422134,5.8126497
12.261142479422134,5.81265
12.261142479422134,5.81265
12.261142479422134,5.81265
12.261142479422134,5.81265
12.261142479422134,5.81265
12.261142479422134,5.81265
12.261142479422134,5.81265
12.261142479422134,5.81265
12.261142479422134,5.8126497
12.261142479422134,5.8126493
12.261142479422134,5.8126497
12.261142479422134,5.81265
12.261142479422134,5.8126497
12.261142479422134,5.8126493
12.261142479422134,5.8126507
12.261142479422134,5.812651
12.261142479422134,5.8126507
12.261142479422134,5.8126507
12.261142479422134,5.81265
12.261142479422134,5.81265
12.261142479422134,5.81265
12.261142479422134,5.8126507
12.261142479422134,5.8126497
12.261142479422134,5.81265
12.261142479422134,5.8126497
12.261142479422134,5.8126507
12.261142479422134,5.81265
12.261142479422134,5.81265
12.261142479422134,5.8126497
12.261142479422134,5.8126497
12.261142479422134,5.8126493
12.261142479422134,5.8126497
12.261142479422134,5.81265
12.261142479422134,5.8126497
12.261142479422134,5.81265
12.261142479422134,5.81265
12.261142479422134,5.81265
12.261142479422134,5.81265
12.261142479422134,5.81265
12.261142479422134,5.81265
12.261142479422134,5.81265
12.261142479422134,5.8126507
12.261142479422134,5.81265
12.261142479422134,5.8126497
12.261142479422134,5.8126497
12.261142479422134,5.8126493
12.261142479422134,5.8126493
12.261142479422134,5.8126493
12.261142479422134,5.812649
12.261142479422134,5.8126493
12.261142479422134,5.8126497
12.261142479422134,5.8126493
12.261142479422134,5.8126497
12.261142479422134,5.8126497
12.261142479422134,5.8126497
12.261142479422134,5.8126497
12.261142479422134,5.8126497
12.261142479422134,5.8126497
12.261142479422134,5.8126493
12.261142479422134,5.81265
12.261142479422134,5.8126497
12.261142479422134,5.8126497
12.261142479422134,5.81265
12.261142479422134,5.81265
12.261142479422134,5.81265
12.261142479422134,5.81265
12.261142479422134,5.81265
12.261142479422134,5.81265
12.261142479422134,5.81265
12.261142479422134,5.81265
12.261142479422134,5.8126497
12.261142479422134,5.8126493
12.261142479422134,5.8126497
12.261142479422134,5.81265
12.261142479422134,5.8126497
12.261142479422134,5.8126493
12.261142479422134,5.8126507
12.261142479422134,5.812651
12.261142479422134,5.8126507
12.261142479422134,5.8126507
12.261142479422134,5.81265
12.261142479422134,5.81265
12.261142479422134,5.81265
12.261142479422134,5.8126507
12.261142479422134,5.8126497
12.261142479422134,5.81265
12.261142479422134,5.8126497
12.261142479422134,5.8126507
12.261142479422134,5.81265
12.261142479422134,5.81265
12.261142479422134,5.8126497
12.261142479422134,5.8126497
12.261142479422134,5.8126493
12.261142479422134,5.8126497
12.261142479422134,5.81265
12.261142479422134,5.8126497
12.261142479422134,5.81265
12.261142479422134,5.81265
12.261142479422134,5.81265
12.261142479422134,5.81265
12.261142479422134,5.81265
12.261142479422134,5.81265
12.261142479422134,5.81265
12.261142479422134,5.8126507
12.261142479422134,5.81265
12.261142479422134,5.8126497
12.261142479422134,5.8126497
12.261142479422134,5.8126493
12.261142479422134,5.8126493
12.261142479422134,5.8126493
12.261142479422134,5.812649
12.261142479422134,5.8126493
12.261142479422134,5.8126497
12.261142479422134,5.8126493
12.261142479422134,5.8126497
12.261142479422134,5.8126497
12.261142479422134,5.8126497
12.261142479422134,5.8126497
12.261142479422134,5.8126497
12.261142479422134,5.8126497
12.261142479422134,5.8126493
12.261142479422134,5.81265
12.261142479422134,5.8126497
12.261142479422134,5.8126497
12.261142479422134,5.81265
12.261142479422134,5.81265
12.261142479422134,5.81265
12.261142479422134,5.81265
12.261142479422134,5.81265
12.261142479422134,5.81265
12.261142479422134,5.81265
12.261142479422134,5.81265
12.261142479422134,5.8126497
12.261142479422134,5.8126493
12.261142479422134,5.8126497
12.261142479422134,5.81265
12.261142479422134,5.8126497
12.261142479422134,5.8126493
12.261142479422134,5.8126507
12.261142479422134,5.812651
12.261142479422134,5.8126507
12.261142479422134,5.8126507
12.261142479422134,5.81265
12.261142479422134,5.81265
12.261142479422134,5.81265
12.261142479422134,5.8126507
12.261142479422134,5.8126497
12.261142479422134,5.81265
12.261142479422134,5.8126497
12.261142479422134,5.8126507
12.261142479422134,5.81265
12.261142479422134,5.81265
12.261142479422134,5.8126497
12.261142479422134,5.8126497
12.261142479422134,5.8126493
12.261142479422134,5.8126497
12.261142479422134,5.81265
12.261142479422134,5.8126497
12.261142479422134,5.81265
12.261142479422134,5.81265
12.261142479422134,5.81265
12.261142479422134,5.81265
12.261142479422134,5.81265
12.261142479422134,5.81265
12.261142479422134,5.81265
12.261142479422134,5.8126507
12.261142479422134,5.81265
12.261142479422134,5.8126497
12.261142479422134,5.8126497
12.261142479422134,5.8126493
12.261142479422134,5.8126493
12.261142479422134,5.8126493
12.261142479422134,5.812649
12.261142479422134,5.8126493
12.261142479422134,5.8126497
12.261142479422134,5.8126493
12.261142479422134,5.8126497
12.261142479422134,5.8126497
12.261142479422134,5.8126497
12.261142479422134,5.8126497
12.261142479422134,5.8126497
12.261142479422134,5.8126497
12.261142479422134,5.8126493
12.261142479422134,5.81265
12.261142479422134,5.8126497
12.261142479422134,5.8126497
12.261142479422134,5.81265
12.261142479422134,5.81265
12.261142479422134,5.81265
12.261142479422134,5.81265
12.261142479422134,5.81265
12.261142479422134,5.81265
12.261142479422134,5.81265
12.261142479422134,5.81265
12.261142479422134,5.8126497
12.261142479422134,5.8126493
12.261142479422134,5.8126497
12.261142479422134,5.81265
12.261142479422134,5.8126497
12.261142479422134,5.8126493
12.261142479422134,5.8126507
12.261142479422134,5.812651
12.261142479422134,5.8126507
12.261142479422134,5.8126507
12.261142479422134,5.81265
12.261142479422134,5.81265
12.261142479422134,5.81265
12.261142479422134,5.8126507
12.261142479422134,5.8126497
12.261142479422134,5.81265
12.261142479422134,5.8126497
12.261142479422134,5.8126507
12.261142479422134,5.81265
12.261142479422134,5.81265
12.261142479422134,5.8126497
12.261142479422134,5.8126497
12.261142479422134,5.8126493
12.261142479422134,5.8126497
12.261142479422134,5.81265
12.261142479422134,5.8126497
12.261142479422134,5.81265
12.261142479422134,5.81265
12.261142479422134,5.81265
12.261142479422134,5.81265
12.261142479422134,5.81265
12.261142479422134,5.81265
12.261142479422134,5.81265
12.261142479422134,5.8126507
12.261142479422134,5.81265
12.261142479422134,5.8126497
12.261142479422134,5.8126497
12.261142479422134,5.8126493
12.261142479422134,5.8126493
12.261142479422134,5.8126493
12.261142479422134,5.812649
12.261142479422134,5.8126493
12.261142479422134,5.8126497
12.261142479422134,5.8126493
12.261142479422134,5.8126497
12.261142479422134,5.8126497
12.261142479422134,5.8126497
12.261142479422134,5.8126497
12.261142479422134,5.8126497
12.261142479422134,5.8126497
12.261142479422134,5.8126493
12.261142479422134,5.81265
12.261142479422134,5.8126497
12.261142479422134,5.8126497
12.261142479422134,5.81265
12.261142479422134,5.81265
12.261142479422134,5.81265
12.261142479422134,5.81265
12.261142479422134,5.81265
12.261142479422134,5.81265
12.261142479422134,5.81265
12.261142479422134,5.81265
12.261142479422134,5.8126497
12.261142479422134,5.8126493
12.261142479422134,5.8126497
12.261142479422134,5.81265
12.261142479422134,5.8126497
12.261142479422134,5.8126493
12.261142479422134,5.8126507
12.261142479422134,5.812651
12.261142479422134,5.8126507
12.261142479422134,5.8126507
12.261142479422134,5.81265
12.261142479422134,5.81265
12.261142479422134,5.81265
12.261142479422134,5.8126507
12.261142479422134,5.8126497
12.261142479422134,5.81265
12.261142479422134,5.8126497
12.261142479422134,5.8126507
12.261142479422134,5.81265
12.261142479422134,5.81265
12.261142479422134,5.8126497
12.261142479422134,5.8126497
12.261142479422134,5.8126493
12.261142479422134,5.8126497
12.261142479422134,5.81265
12.261142479422134,5.8126497
12.261142479422134,5.81265
12.261142479422134,5.81265
12.261142479422134,5.81265
12.261142479422134,5.81265
12.261142479422134,5.81265
12.261142479422134,5.81265
12.261142479422134,5.81265
12.261142479422134,5.8126507
12.261142479422134,5.81265
12.261142479422134,5.8126497
12.261142479422134,5.8126497
12.261142479422134,5.8126493
12.261142479422134,5.8126493
12.261142479422134,5.8126493
12.261142479422134,5.812649
12.261142479422134,5.8126493
12.261142479422134,5.8126497
12.261142479422134,5.8126493
12.261142479422134,5.8126497
12.261142479422134,5.8126497
12.261142479422134,5.8126497
12.261142479422134,5.8126497
12.261142479422134,5.8126497
12.261142479422134,5.8126497
12.261142479422134,5.8126493
12.261142479422134,5.81265
12.261142479422134,5.8126497
12.261142479422134,5.8126497
12.261142479422134,5.81265
12.261142479422134,5.81265
12.261142479422134,5.81265
12.261142479422134,5.81265
12.261142479422134,5.81265
12.261142479422134,5.81265
12.261142479422134,5.81265
12.261142479422134,5.81265
12.261142479422134,5.8126497
12.261142479422134,5.8126493
12.261142479422134,5.8126497
12.261142479422134,5.81265
12.261142479422134,5.8126497
12.261142479422134,5.8126493
12.261142479422134,5.8126507
12.261142479422134,5.812651
12.261142479422134,5.8126507
12.261142479422134,5.8126507
12.261142479422134,5.81265
12.261142479422134,5.81265
12.261142479422134,5.81265
12.261142479422134,5.8126507
12.261142479422134,5.8126497
12.261142479422134,5.81265
12.261142479422134,5.8126497
12.261142479422134,5.8126507
12.261142479422134,5.81265
12.261142479422134,5.81265
12.261142479422134,5.8126497
12.261142479422134,5.8126497
12.261142479422134,5.8126493
12.261142479422134,5.8126497
12.261142479422134,5.81265
12.261142479422134,5.8126497
12.261142479422134,5.81265
12.261142479422134,5.81265
12.261142479422134,5.81265
12.261142479422134,5.81265
12.261142479422134,5.81265
12.261142479422134,5.81265
12.261142479422134,5.81265
12.261142479422134,5.8126507
12.261142479422134,5.81265
12.261142479422134,5.8126497
12.261142479422134,5.8126497
12.261142479422134,5.8126493
12.261142479422134,5.8126493
12.261142479422134,5.8126493
12.261142479422134,5.812649
12.261142479422134,5.8126493
12.261142479422134,5.8126497
12.261142479422134,5.8126493
12.261142479422134,5.8126497
12.261142479422134,5.8126497
12.261142479422134,5.8126497
12.261142479422134,5.8126497
12.261142479422134,5.8126497
12.261142479422134,5.8126497
12.261142479422134,5.8126493
12.261142479422134,5.81265
12.261142479422134,5.8126497
12.261142479422134,5.8126497
12.261142479422134,5.81265
12.261142479422134,5.81265
12.261142479422134,5.81265
12.261142479422134,5.81265
12.261142479422134,5.81265
12.261142479422134,5.81265
12.261142479422134,5.81265
12.261142479422134,5.81265
12.261142479422134,5.8126497
12.261142479422134,5.8126493
12.261142479422134,5.8126497
12.261142479422134,5.81265
12.261142479422134,5.8126497
12.261142479422134,5.8126493
12.261142479422134,5.8126507
12.261142479422134,5.812651
12.261142479422134,5.8126507
12.261142479422134,5.8126507
12.261142479422134,5.81265
12.261142479422134,5.81265
12.261142479422134,5.81265
12.261142479422134,5.8126507
12.261142479422134,5.8126497
12.261142479422134,5.81265
12.261142479422134,5.8126497
12.261142479422134,5.8126507
12.261142479422134,5.81265
12.261142479422134,5.81265
12.261142479422134,5.8126497
12.261142479422134,5.8126497
12.261142479422134,5.8126493
12.261142479422134,5.8126497
12.261142479422134,5.81265
12.261142479422134,5.8126497
12.261142479422134,5.81265
12.261142479422134,5.81265
12.261142479422134,5.81265
12.261142479422134,5.81265
12.261142479422134,5.81265
12.261142479422134,5.81265
12.261142479422134,5.81265
12.261142479422134,5.8126507
12.261142479422134,5.81265
12.261142479422134,5.8126497
12.261142479422134,5.8126497
12.261142479422134,5.8126493
12.261142479422134,5.8126493
12.261142479422134,5.8126493
12.261142479422134,5.812649
12.261142479422134,5.8126493
12.261142479422134,5.8126497
12.261142479422134,5.8126493
12.261142479422134,5.8126497
12.261142479422134,5.8126497
12.261142479422134,5.8126497
12.261142479422134,5.8126497
12.261142479422134,5.8126497
12.261142479422134,5.8126497
12.261142479422134,5.8126493
12.261142479422134,5.81265
12.261142479422134,5.8126497
12.261142479422134,5.8126497
12.261142479422134,5.81265
12.261142479422134,5.81265
12.261142479422134,5.81265
12.261142479422134,5.81265
12.261142479422134,5.81265
12.261142479422134,5.81265
12.261142479422134,5.81265
12.261142479422134,5.81265
12.261142479422134,5.8126497
12.261142479422134,5.8126493
12.261142479422134,5.8126497
12.261142479422134,5.81265
12.261142479422134,5.8126497
12.261142479422134,5.8126493
12.261142479422134,5.8126507
12.261142479422134,5.812651
12.261142479422134,5.8126507
12.261142479422134,5.8126507
12.261142479422134,5.81265
12.261142479422134,5.81265
12.261142479422134,5.81265
12.261142479422134,5.8126507
12.261142479422134,5.8126497
12.261142479422134,5.81265
12.261142479422134,5.8126497
12.261142479422134,5.8126507
12.261142479422134,5.81265
12.261142479422134,5.81265
12.261142479422134,5.8126497
12.261142479422134,5.8126497
12.261142479422134,5.8126493
12.261142479422134,5.8126497
12.261142479422134,5.81265
12.261142479422134,5.8126497
12.261142479422134,5.81265
12.261142479422134,5.81265
12.261142479422134,5.81265
12.261142479422134,5.81265
12.261142479422134,5.81265
12.261142479422134,5.81265
12.261142479422134,5.81265
12.261142479422134,5.8126507
12.261142479422134,5.81265
12.261142479422134,5.8126497
12.261142479422134,5.8126497
12.261142479422134,5.8126493
12.261142479422134,5.8126493
12.261142479422134,5.8126493
12.261142479422134,5.812649
12.261142479422134,5.8126493
12.261142479422134,5.8126497
12.261142479422134,5.8126493
12.261142479422134,5.8126497
12.261142479422134,5.8126497
12.261142479422134,5.8126497
12.261142479422134,5.8126497
12.261142479422134,5.8126497
12.261142479422134,5.8126497
12.261142479422134,5.8126493
12.261142479422134,5.81265
12.261142479422134,5.8126497
12.261142479422134,5.8126497
12.261142479422134,5.81265
12.261142479422134,5.81265
12.261142479422134,5.81265
12.261142479422134,5.81265
12.261142479422134,5.81265
12.261142479422134,5.81265
12.261142479422134,5.81265
12.261142479422134,5.81265
12.261142479422134,5.8126497
12.261142479422134,5.8126493
12.261142479422134,5.8126497
12.261142479422134,5.81265
12.261142479422134,5.8126497
12.261142479422134,5.8126493
12.261142479422134,5.8126507
12.261142479422134,5.812651
12.261142479422134,5.8126507
12.261142479422134,5.8126507
12.261142479422134,5.81265
12.261142479422134,5.81265
12.261142479422134,5.81265
12.261142479422134,5.8126507
12.261142479422134,5.8126497
12.261142479422134,5.81265
12.261142479422134,5.8126497
12.261142479422134,5.8126507
12.261142479422134,5.81265
12.261142479422134,5.81265
12.261142479422134,5.8126497
12.261142479422134,5.8126497
12.261142479422134,5.8126493
12.261142479422134,5.8126497
12.261142479422134,5.81265
12.261142479422134,5.8126497
12.261142479422134,5.81265
12.261142479422134,5.81265
12.261142479422134,5.81265
12.261142479422134,5.81265
12.261142479422134,5.81265
12.261142479422134,5.81265
12.261142479422134,5.81265
12.261142479422134,5.8126507
12.261142479422134,5.81265
12.261142479422134,5.8126497
12.261142479422134,5.8126497
12.261142479422134,5.8126493
12.261142479422134,5.8126493
12.261142479422134,5.8126493
12.261142479422134,5.812649
12.261142479422134,5.8126493
12.261142479422134,5.8126497
12.261142479422134,5.8126493
12.261142479422134,5.8126497
12.261142479422134,5.8126497
12.261142479422134,5.8126497
12.261142479422134,5.8126497
12.261142479422134,5.8126497
12.261142479422134,5.8126497
12.261142479422134,5.8126493
12.261142479422134,5.81265
12.261142479422134,5.8126497
12.261142479422134,5.8126497
12.261142479422134,5.81265
12.261142479422134,5.81265
12.261142479422134,5.81265
12.261142479422134,5.81265
12.261142479422134,5.81265
12.261142479422134,5.81265
12.261142479422134,5.81265
12.261142479422134,5.81265
12.261142479422134,5.8126497
12.261142479422134,5.8126493
12.261142479422134,5.8126497
12.261142479422134,5.81265
12.261142479422134,5.8126497
12.261142479422134,5.8126493
12.261142479422134,5.8126507
12.261142479422134,5.812651
12.261142479422134,5.8126507
12.261142479422134,5.8126507
12.261142479422134,5.81265
12.261142479422134,5.81265
12.261142479422134,5.81265
12.261142479422134,5.8126507
12.261142479422134,5.8126497
12.261142479422134,5.81265
12.261142479422134,5.8126497
12.261142479422134,5.8126507
12.261142479422134,5.81265
12.261142479422134,5.81265
12.261142479422134,5.8126497
12.261142479422134,5.8126497
12.261142479422134,5.8126493
12.261142479422134,5.8126497
12.261142479422134,5.81265
12.261142479422134,5.8126497
12.261142479422134,5.81265
12.261142479422134,5.81265
12.261142479422134,5.81265
12.261142479422134,5.81265
12.261142479422134,5.81265
12.261142479422134,5.81265
12.261142479422134,5.81265
12.261142479422134,5.8126507
12.261142479422134,5.81265
12.261142479422134,5.8126497
12.261142479422134,5.8126497
12.261142479422134,5.8126493
12.261142479422134,5.8126493
12.261142479422134,5.8126493
12.261142479422134,5.812649
12.261142479422134,5.8126493
12.261142479422134,5.8126497
12.261142479422134,5.8126493
12.261142479422134,5.8126497
12.261142479422134,5.8126497
12.261142479422134,5.8126497
12.261142479422134,5.8126497
12.261142479422134,5.8126497
12.261142479422134,5.8126497
12.261142479422134,5.8126493
12.261142479422134,5.81265
12.261142479422134,5.8126497
12.261142479422134,5.8126497
12.261142479422134,5.81265
12.261142479422134,5.81265
12.261142479422134,5.81265
12.261142479422134,5.81265
12.261142479422134,5.81265
12.261142479422134,5.81265
12.261142479422134,5.81265
12.261142479422134,5.81265
12.261142479422134,5.8126497
12.261142479422134,5.8126493
12.261142479422134,5.8126497
12.261142479422134,5.81265
12.261142479422134,5.8126497
12.261142479422134,5.8126493
12.261142479422134,5.8126507
12.261142479422134,5.812651
12.261142479422134,5.8126507
12.261142479422134,5.8126507
12.261142479422134,5.81265
12.261142479422134,5.81265
12.261142479422134,5.81265
12.261142479422134,5.8126507
12.261142479422134,5.8126497
12.261142479422134,5.81265
12.261142479422134,5.8126497
12.261142479422134,5.8126507
12.261142479422134,5.81265
12.261142479422134,5.81265
12.261142479422134,5.8126497
12.261142479422134,5.8126497
12.261142479422134,5.8126493
12.261142479422134,5.8126497
12.261142479422134,5.81265
12.261142479422134,5.8126497
12.261142479422134,5.81265
12.261142479422134,5.81265
12.261142479422134,5.81265
12.261142479422134,5.81265
12.261142479422134,5.81265
12.261142479422134,5.81265
12.261142479422134,5.81265
12.261142479422134,5.8126507
12.261142479422134,5.81265
12.261142479422134,5.8126497
12.261142479422134,5.8126497
12.261142479422134,5.8126493
12.261142479422134,5.8126493
12.261142479422134,5.8126493
12.261142479422134,5.812649
12.261142479422134,5.8126493
12.261142479422134,5.8126497
12.261142479422134,5.8126493
12.261142479422134,5.8126497
12.261142479422134,5.8126497
12.261142479422134,5.8126497
12.261142479422134,5.8126497
12.261142479422134,5.8126497
12.261142479422134,5.8126497
12.261142479422134,5.8126493
12.261142479422134,5.81265
12.261142479422134,5.8126497
12.261142479422134,5.8126497
12.261142479422134,5.81265
12.261142479422134,5.81265
12.261142479422134,5.81265
12.261142479422134,5.81265
12.261142479422134,5.81265
12.261142479422134,5.81265
12.261142479422134,5.81265
12.261142479422134,5.81265
12.261142479422134,5.8126497
12.261142479422134,5.8126493
12.261142479422134,5.8126497
12.261142479422134,5.81265
12.261142479422134,5.8126497
12.261142479422134,5.8126493
12.261142479422134,5.8126507
12.261142479422134,5.812651
12.261142479422134,5.8126507
12.261142479422134,5.8126507
12.261142479422134,5.81265
12.261142479422134,5.81265
12.261142479422134,5.81265
12.261142479422134,5.8126507
12.261142479422134,5.8126497
12.261142479422134,5.81265
12.261142479422134,5.8126497
12.261142479422134,5.8126507
12.261142479422134,5.81265
12.261142479422134,5.81265
12.261142479422134,5.8126497
12.261142479422134,5.8126497
12.261142479422134,5.8126493
12.261142479422134,5.8126497
12.261142479422134,5.81265
12.261142479422134,5.8126497
12.261142479422134,5.81265
12.261142479422134,5.81265
12.261142479422134,5.81265
12.261142479422134,5.81265
12.261142479422134,5.81265
12.261142479422134,5.81265
12.261142479422134,5.81265
12.261142479422134,5.8126507
12.261142479422134,5.81265
12.261142479422134,5.8126497
12.261142479422134,5.8126497
12.261142479422134,5.8126493
12.261142479422134,5.8126493
12.261142479422134,5.8126493
12.261142479422134,5.812649
12.261142479422134,5.8126493
12.261142479422134,5.8126497
12.261142479422134,5.8126493
12.261142479422134,5.8126497
12.261142479422134,5.8126497
12.261142479422134,5.8126497
12.261142479422134,5.8126497
12.261142479422134,5.8126497
12.261142479422134,5.8126497
12.261142479422134,5.8126493
12.261142479422134,5.81265
12.261142479422134,5.8126497
12.261142479422134,5.8126497
12.261142479422134,5.81265
12.261142479422134,5.81265
12.261142479422134,5.81265
12.261142479422134,5.81265
12.261142479422134,5.81265
12.261142479422134,5.81265
12.261142479422134,5.81265
12.261142479422134,5.81265
12.261142479422134,5.8126497
12.261142479422134,5.8126493
12.261142479422134,5.8126497
12.261142479422134,5.81265
12.261142479422134,5.8126497
12.261142479422134,5.8126493
12.261142479422134,5.8126507
12.261142479422134,5.812651
12.261142479422134,5.8126507
12.261142479422134,5.8126507
12.261142479422134,5.81265
12.261142479422134,5.81265
12.261142479422134,5.81265
12.261142479422134,5.8126507
12.261142479422134,5.8126497
12.261142479422134,5.81265
12.261142479422134,5.8126497
12.261142479422134,5.8126507
12.261142479422134,5.81265
12.261142479422134,5.81265
12.261142479422134,5.8126497
12.261142479422134,5.8126497
12.261142479422134,5.8126493
12.261142479422134,5.8126497
12.261142479422134,5.81265
12.261142479422134,5.8126497
12.261142479422134,5.81265
12.261142479422134,5.81265
12.261142479422134,5.81265
12.261142479422134,5.81265
12.261142479422134,5.81265
12.261142479422134,5.81265
12.261142479422134,5.81265
12.261142479422134,5.8126507
12.261142479422134,5.81265
12.261142479422134,5.8126497
12.261142479422134,5.8126497
12.261142479422134,5.8126493
12.261142479422134,5.8126493
12.261142479422134,5.8126493
12.261142479422134,5.812649
12.261142479422134,5.8126493
12.261142479422134,5.8126497
12.261142479422134,5.8126493
12.261142479422134,5.8126497
12.261142479422134,5.8126497
12.261142479422134,5.8126497
12.261142479422134,5.8126497
12.261142479422134,5.8126497
12.261142479422134,5.8126497
12.261142479422134,5.8126493
12.261142479422134,5.81265
12.261142479422134,5.8126497
12.261142479422134,5.8126497
12.261142479422134,5.81265
12.261142479422134,5.81265
12.261142479422134,5.81265
12.261142479422134,5.81265
12.261142479422134,5.81265
12.261142479422134,5.81265
12.261142479422134,5.81265
12.261142479422134,5.81265
12.261142479422134,5.8126497
12.261142479422134,5.8126493
12.261142479422134,5.8126497
12.261142479422134,5.81265
12.261142479422134,5.8126497
12.261142479422134,5.8126493
12.261142479422134,5.8126507
12.261142479422134,5.812651
12.261142479422134,5.8126507
12.261142479422134,5.8126507
12.261142479422134,5.81265
12.261142479422134,5.81265
12.261142479422134,5.81265
12.261142479422134,5.8126507
12.261142479422134,5.8126497
12.261142479422134,5.81265
12.261142479422134,5.8126497
12.261142479422134,5.8126507
12.261142479422134,5.81265
12.261142479422134,5.81265
12.261142479422134,5.8126497
12.261142479422134,5.8126497
12.261142479422134,5.8126493
12.261142479422134,5.8126497
12.261142479422134,5.81265
12.261142479422134,5.8126497
12.261142479422134,5.81265
12.261142479422134,5.81265
12.261142479422134,5.81265
12.261142479422134,5.81265
12.261142479422134,5.81265
12.261142479422134,5.81265
12.261142479422134,5.81265
12.261142479422134,5.8126507
12.261142479422134,5.81265
12.261142479422134,5.8126497
12.261142479422134,5.8126497
12.261142479422134,5.8126493
12.261142479422134,5.8126493
12.261142479422134,5.8126493
12.261142479422134,5.812649
12.261142479422134,5.8126493
12.261142479422134,5.8126497
12.261142479422134,5.8126493
12.261142479422134,5.8126497
12.261142479422134,5.8126497
12.261142479422134,5.8126497
12.261142479422134,5.8126497
12.261142479422134,5.8126497
12.261142479422134,5.8126497
12.261142479422134,5.8126493
12.261142479422134,5.81265
12.261142479422134,5.8126497
12.261142479422134,5.8126497
12.261142479422134,5.81265
12.261142479422134,5.81265
12.261142479422134,5.81265
12.261142479422134,5.81265
12.261142479422134,5.81265
12.261142479422134,5.81265
12.261142479422134,5.81265
12.261142479422134,5.81265
12.261142479422134,5.8126497
12.261142479422134,5.8126493
12.261142479422134,5.8126497
12.261142479422134,5.81265
12.261142479422134,5.8126497
12.261142479422134,5.8126493
12.261142479422134,5.8126507
12.261142479422134,5.812651
12.261142479422134,5.8126507
12.261142479422134,5.8126507
12.261142479422134,5.81265
12.261142479422134,5.81265
12.261142479422134,5.81265
12.261142479422134,5.8126507
12.261142479422134,5.8126497
12.261142479422134,5.81265
12.261142479422134,5.8126497
12.261142479422134,5.8126507
12.261142479422134,5.81265
12.261142479422134,5.81265
12.261142479422134,5.8126497
12.261142479422134,5.8126497
12.261142479422134,5.8126493
12.261142479422134,5.8126497
12.261142479422134,5.81265
12.261142479422134,5.8126497
12.261142479422134,5.81265
12.261142479422134,5.81265
12.261142479422134,5.81265
12.261142479422134,5.81265
12.261142479422134,5.81265
12.261142479422134,5.81265
12.261142479422134,5.81265
12.261142479422134,5.8126507
12.261142479422134,5.81265
12.261142479422134,5.8126497
12.261142479422134,5.8126497
12.261142479422134,5.8126493
12.261142479422134,5.8126493
12.261142479422134,5.8126493
12.261142479422134,5.812649
12.261142479422134,5.8126493
12.261142479422134,5.8126497
12.261142479422134,5.8126493
12.261142479422134,5.8126497
12.261142479422134,5.8126497
12.261142479422134,5.8126497
12.261142479422134,5.8126497
12.261142479422134,5.8126497
12.261142479422134,5.8126497
12.261142479422134,5.8126493
12.261142479422134,5.81265
12.261142479422134,5.8126497
12.261142479422134,5.8126497
12.261142479422134,5.81265
12.261142479422134,5.81265
12.261142479422134,5.81265
12.261142479422134,5.81265
12.261142479422134,5.81265
12.261142479422134,5.81265
12.261142479422134,5.81265
12.261142479422134,5.81265
12.261142479422134,5.8126497
12.261142479422134,5.8126493
12.261142479422134,5.8126497
12.261142479422134,5.81265
12.261142479422134,5.8126497
12.261142479422134,5.8126493
12.261142479422134,5.8126507
12.261142479422134,5.812651
12.261142479422134,5.8126507
12.261142479422134,5.8126507
12.261142479422134,5.81265
12.261142479422134,5.81265
12.261142479422134,5.81265
12.261142479422134,5.8126507
12.261142479422134,5.8126497
12.261142479422134,5.81265
12.261142479422134,5.8126497
12.261142479422134,5.8126507
12.261142479422134,5.81265
12.261142479422134,5.81265
12.261142479422134,5.8126497
12.261142479422134,5.8126497
12.261142479422134,5.8126493
12.261142479422134,5.8126497
12.261142479422134,5.81265
12.261142479422134,5.8126497
12.261142479422134,5.81265
12.261142479422134,5.81265
12.261142479422134,5.81265
12.261142479422134,5.81265
12.261142479422134,5.81265
12.261142479422134,5.81265
12.261142479422134,5.81265
12.261142479422134,5.8126507
12.261142479422134,5.81265
12.261142479422134,5.8126497
12.261142479422134,5.8126497
12.261142479422134,5.8126493
12.261142479422134,5.8126493
12.261142479422134,5.8126493
12.261142479422134,5.812649
12.261142479422134,5.8126493
12.261142479422134,5.8126497
12.261142479422134,5.8126493
12.261142479422134,5.8126497
12.261142479422134,5.8126497
12.261142479422134,5.8126497
12.261142479422134,5.8126497
12.261142479422134,5.8126497
12.261142479422134,5.8126497
12.261142479422134,5.8126493
12.261142479422134,5.81265
12.261142479422134,5.8126497
12.261142479422134,5.8126497
12.261142479422134,5.81265
12.261142479422134,5.81265
12.261142479422134,5.81265
12.261142479422134,5.81265
12.261142479422134,5.81265
12.261142479422134,5.81265
12.261142479422134,5.81265
12.261142479422134,5.81265
12.261142479422134,5.8126497
12.261142479422134,5.8126493
12.261142479422134,5.8126497
12.261142479422134,5.81265
12.261142479422134,5.8126497
12.261142479422134,5.8126493
12.261142479422134,5.8126507
12.261142479422134,5.812651
12.261142479422134,5.8126507
12.261142479422134,5.8126507
12.261142479422134,5.81265
12.261142479422134,5.81265
12.261142479422134,5.81265
12.261142479422134,5.8126507
12.261142479422134,5.8126497
12.261142479422134,5.81265
12.261142479422134,5.8126497
12.261142479422134,5.8126507
12.261142479422134,5.81265
12.261142479422134,5.81265
12.261142479422134,5.8126497
12.261142479422134,5.8126497
12.261142479422134,5.8126493
12.261142479422134,5.8126497
12.261142479422134,5.81265
12.261142479422134,5.8126497
12.261142479422134,5.81265
12.261142479422134,5.81265
12.261142479422134,5.81265
12.261142479422134,5.81265
12.261142479422134,5.81265
12.261142479422134,5.81265
12.261142479422134,5.81265
12.261142479422134,5.8126507
12.261142479422134,5.81265
12.261142479422134,5.8126497
12.261142479422134,5.8126497
12.261142479422134,5.8126493
12.261142479422134,5.8126493
12.261142479422134,5.8126493
12.261142479422134,5.812649
12.261142479422134,5.8126493
12.261142479422134,5.8126497
12.261142479422134,5.8126493
12.261142479422134,5.8126497
12.261142479422134,5.8126497
12.261142479422134,5.8126497
12.261142479422134,5.8126497
12.261142479422134,5.8126497
12.261142479422134,5.8126497
12.261142479422134,5.8126493
12.261142479422134,5.81265
12.261142479422134,5.8126497
12.261142479422134,5.8126497
12.261142479422134,5.81265
12.261142479422134,5.81265
12.261142479422134,5.81265
12.261142479422134,5.81265
12.261142479422134,5.81265
12.261142479422134,5.81265
12.261142479422134,5.81265
12.261142479422134,5.81265
12.261142479422134,5.8126497
12.261142479422134,5.8126493
12.261142479422134,5.8126497
12.261142479422134,5.81265
12.261142479422134,5.8126497
12.261142479422134,5.8126493
12.261142479422134,5.8126507
12.261142479422134,5.812651
12.261142479422134,5.8126507
12.261142479422134,5.8126507
12.261142479422134,5.81265
12.261142479422134,5.81265
12.261142479422134,5.81265
12.261142479422134,5.8126507
12.261142479422134,5.8126497
12.261142479422134,5.81265
12.261142479422134,5.8126497
12.261142479422134,5.8126507
12.261142479422134,5.81265
12.261142479422134,5.81265
12.261142479422134,5.8126497
12.261142479422134,5.8126497
12.261142479422134,5.8126493
12.261142479422134,5.8126497
12.261142479422134,5.81265
12.261142479422134,5.8126497
12.261142479422134,5.81265
12.261142479422134,5.81265
12.261142479422134,5.81265
12.261142479422134,5.81265
12.261142479422134,5.81265
12.261142479422134,5.81265
12.261142479422134,5.81265
12.261142479422134,5.8126507
12.261142479422134,5.81265
12.261142479422134,5.8126497
12.261142479422134,5.8126497
12.261142479422134,5.8126493
12.261142479422134,5.8126493
12.261142479422134,5.8126493
12.261142479422134,5.812649
12.261142479422134,5.8126493
12.261142479422134,5.8126497
12.261142479422134,5.8126493
12.261142479422134,5.8126497
12.261142479422134,5.8126497
12.261142479422134,5.8126497
12.261142479422134,5.8126497
12.261142479422134,5.8126497
12.261142479422134,5.8126497
12.261142479422134,5.8126493
12.261142479422134,5.81265
12.261142479422134,5.8126497
12.261142479422134,5.8126497
12.261142479422134,5.81265
12.261142479422134,5.81265
12.261142479422134,5.81265
12.261142479422134,5.81265
12.261142479422134,5.81265
12.261142479422134,5.81265
12.261142479422134,5.81265
12.261142479422134,5.81265
12.261142479422134,5.8126497
12.261142479422134,5.8126493
12.261142479422134,5.8126497
12.261142479422134,5.81265
12.261142479422134,5.8126497
12.261142479422134,5.8126493
12.261142479422134,5.8126507
12.261142479422134,5.812651
12.261142479422134,5.8126507
12.261142479422134,5.8126507
12.261142479422134,5.81265
12.261142479422134,5.81265
12.261142479422134,5.81265
12.261142479422134,5.8126507
12.261142479422134,5.8126497
12.261142479422134,5.81265
12.261142479422134,5.8126497
12.261142479422134,5.8126507
12.261142479422134,5.81265
12.261142479422134,5.81265
12.261142479422134,5.8126497
12.261142479422134,5.8126497
12.261142479422134,5.8126493
12.261142479422134,5.8126497
12.261142479422134,5.81265
12.261142479422134,5.8126497
12.261142479422134,5.81265
12.261142479422134,5.81265
12.261142479422134,5.81265
12.261142479422134,5.81265
12.261142479422134,5.81265
12.261142479422134,5.81265
12.261142479422134,5.81265
12.261142479422134,5.8126507
12.261142479422134,5.81265
12.261142479422134,5.8126497
12.261142479422134,5.8126497
12.261142479422134,5.8126493
12.261142479422134,5.8126493
12.261142479422134,5.8126493
12.261142479422134,5.812649
12.261142479422134,5.8126493
12.261142479422134,5.8126497
12.261142479422134,5.8126493
12.261142479422134,5.8126497
12.261142479422134,5.8126497
12.261142479422134,5.8126497
12.261142479422134,5.8126497
12.261142479422134,5.8126497
12.261142479422134,5.8126497
12.261142479422134,5.8126493
12.261142479422134,5.81265
12.261142479422134,5.8126497
12.261142479422134,5.8126497
12.261142479422134,5.81265
12.261142479422134,5.81265
12.261142479422134,5.81265
12.261142479422134,5.81265
12.261142479422134,5.81265
12.261142479422134,5.81265
12.261142479422134,5.81265
12.261142479422134,5.81265
12.261142479422134,5.8126497
12.261142479422134,5.8126493
12.261142479422134,5.8126497
12.261142479422134,5.81265
12.261142479422134,5.8126497
12.261142479422134,5.8126493
12.261142479422134,5.8126507
12.261142479422134,5.812651
12.261142479422134,5.8126507
12.261142479422134,5.8126507
12.261142479422134,5.81265
12.261142479422134,5.81265
12.261142479422134,5.81265
12.261142479422134,5.8126507
12.261142479422134,5.8126497
12.261142479422134,5.81265
12.261142479422134,5.8126497
12.261142479422134,5.8126507
12.261142479422134,5.81265
12.261142479422134,5.81265
12.261142479422134,5.8126497
12.261142479422134,5.8126497
12.261142479422134,5.8126493
12.261142479422134,5.8126497
12.261142479422134,5.81265
12.261142479422134,5.8126497
12.261142479422134,5.81265
12.261142479422134,5.81265
12.261142479422134,5.81265
12.261142479422134,5.81265
12.261142479422134,5.81265
12.261142479422134,5.81265
12.261142479422134,5.81265
12.261142479422134,5.8126507
12.261142479422134,5.81265
12.261142479422134,5.8126497
12.261142479422134,5.8126497
12.261142479422134,5.8126493
12.261142479422134,5.8126493
12.261142479422134,5.8126493
12.261142479422134,5.812649
12.261142479422134,5.8126493
12.261142479422134,5.8126497
12.261142479422134,5.8126493
12.261142479422134,5.8126497
12.261142479422134,5.8126497
12.261142479422134,5.8126497
12.261142479422134,5.8126497
12.261142479422134,5.8126497
12.261142479422134,5.8126497
12.261142479422134,5.8126493
12.261142479422134,5.81265
12.261142479422134,5.8126497
12.261142479422134,5.8126497
12.261142479422134,5.81265
12.261142479422134,5.81265
12.261142479422134,5.81265
12.261142479422134,5.81265
12.261142479422134,5.81265
12.261142479422134,5.81265
12.261142479422134,5.81265
12.261142479422134,5.81265
12.261142479422134,5.8126497
12.261142479422134,5.8126493
12.261142479422134,5.8126497
12.261142479422134,5.81265
12.261142479422134,5.8126497
12.261142479422134,5.8126493
12.261142479422134,5.8126507
12.261142479422134,5.812651
12.261142479422134,5.8126507
12.261142479422134,5.8126507
12.261142479422134,5.81265
12.261142479422134,5.81265
12.261142479422134,5.81265
12.261142479422134,5.8126507
12.261142479422134,5.8126497
12.261142479422134,5.81265
12.261142479422134,5.8126497
12.261142479422134,5.8126507
12.261142479422134,5.81265
12.261142479422134,5.81265
12.261142479422134,5.8126497
12.261142479422134,5.8126497
12.261142479422134,5.8126493
12.261142479422134,5.8126497
12.261142479422134,5.81265
12.261142479422134,5.8126497
12.261142479422134,5.81265
12.261142479422134,5.81265
12.261142479422134,5.81265
12.261142479422134,5.81265
12.261142479422134,5.81265
12.261142479422134,5.81265
12.261142479422134,5.81265
12.261142479422134,5.8126507
12.261142479422134,5.81265
12.261142479422134,5.8126497
12.261142479422134,5.8126497
12.261142479422134,5.8126493
12.261142479422134,5.8126493
12.261142479422134,5.8126493
12.261142479422134,5.812649
12.261142479422134,5.8126493
12.261142479422134,5.8126497
12.261142479422134,5.8126493
12.261142479422134,5.8126497
12.261142479422134,5.8126497
12.261142479422134,5.8126497
12.261142479422134,5.8126497
12.261142479422134,5.8126497
12.261142479422134,5.8126497
12.261142479422134,5.8126493
12.261142479422134,5.81265
12.261142479422134,5.8126497
12.261142479422134,5.8126497
12.261142479422134,5.81265
12.261142479422134,5.81265
12.261142479422134,5.81265
12.261142479422134,5.81265
12.261142479422134,5.81265
12.261142479422134,5.81265
12.261142479422134,5.81265
12.261142479422134,5.81265
12.261142479422134,5.8126497
12.261142479422134,5.8126493
12.261142479422134,5.8126497
12.261142479422134,5.81265
12.261142479422134,5.8126497
12.261142479422134,5.8126493
12.261142479422134,5.8126507
12.261142479422134,5.812651
12.261142479422134,5.8126507
12.261142479422134,5.8126507
12.261142479422134,5.81265
12.261142479422134,5.81265
12.261142479422134,5.81265
12.261142479422134,5.8126507
12.261142479422134,5.8126497
12.261142479422134,5.81265
12.261142479422134,5.8126497
12.261142479422134,5.8126507
12.261142479422134,5.81265
12.261142479422134,5.81265
12.261142479422134,5.8126497
12.261142479422134,5.8126497
12.261142479422134,5.8126493
12.261142479422134,5.8126497
12.261142479422134,5.81265
12.261142479422134,5.8126497
12.261142479422134,5.81265
12.261142479422134,5.81265
12.261142479422134,5.81265
12.261142479422134,5.81265
12.261142479422134,5.81265
12.261142479422134,5.81265
12.261142479422134,5.81265
12.261142479422134,5.8126507
12.261142479422134,5.81265
12.261142479422134,5.8126497
12.261142479422134,5.8126497
12.261142479422134,5.8126493
12.261142479422134,5.8126493
12.261142479422134,5.8126493
12.261142479422134,5.812649
12.261142479422134,5.8126493
12.261142479422134,5.8126497
12.261142479422134,5.8126493
12.261142479422134,5.8126497
12.261142479422134,5.8126497
12.261142479422134,5.8126497
12.261142479422134,5.8126497
12.261142479422134,5.8126497
12.261142479422134,5.8126497
12.261142479422134,5.8126493
12.261142479422134,5.81265
12.261142479422134,5.8126497
12.261142479422134,5.8126497
12.261142479422134,5.81265
12.261142479422134,5.81265
12.261142479422134,5.81265
12.261142479422134,5.81265
12.261142479422134,5.81265
12.261142479422134,5.81265
12.261142479422134,5.81265
12.261142479422134,5.81265
12.261142479422134,5.8126497
12.261142479422134,5.8126493
12.261142479422134,5.8126497
12.261142479422134,5.81265
12.261142479422134,5.8126497
12.261142479422134,5.8126493
12.261142479422134,5.8126507
12.261142479422134,5.812651
12.261142479422134,5.8126507
12.261142479422134,5.8126507
12.261142479422134,5.81265
12.261142479422134,5.81265
12.261142479422134,5.81265
12.261142479422134,5.8126507
12.261142479422134,5.8126497
12.261142479422134,5.81265
12.261142479422134,5.8126497
12.261142479422134,5.8126507
12.261142479422134,5.81265
12.261142479422134,5.81265
12.261142479422134,5.8126497
12.261142479422134,5.8126497
12.261142479422134,5.8126493
12.261142479422134,5.8126497
12.261142479422134,5.81265
12.261142479422134,5.8126497
12.261142479422134,5.81265
12.261142479422134,5.81265
12.261142479422134,5.81265
12.261142479422134,5.81265
12.261142479422134,5.81265
12.261142479422134,5.81265
12.261142479422134,5.81265
12.261142479422134,5.8126507
12.261142479422134,5.81265
12.261142479422134,5.8126497
12.261142479422134,5.8126497
12.261142479422134,5.8126493
12.261142479422134,5.8126493
12.261142479422134,5.8126493
12.261142479422134,5.812649
12.261142479422134,5.8126493
12.261142479422134,5.8126497
12.261142479422134,5.8126493
12.261142479422134,5.8126497
12.261142479422134,5.8126497
12.261142479422134,5.8126497
12.261142479422134,5.8126497
12.261142479422134,5.8126497
12.261142479422134,5.8126497
12.261142479422134,5.8126493
12.261142479422134,5.81265
12.261142479422134,5.8126497
12.261142479422134,5.8126497
12.261142479422134,5.81265
12.261142479422134,5.81265
12.261142479422134,5.81265
12.261142479422134,5.81265
12.261142479422134,5.81265
12.261142479422134,5.81265
12.261142479422134,5.81265
12.261142479422134,5.81265
12.261142479422134,5.8126497
12.261142479422134,5.8126493
12.261142479422134,5.8126497
12.261142479422134,5.81265
12.261142479422134,5.8126497
12.261142479422134,5.8126493
12.261142479422134,5.8126507
12.261142479422134,5.812651
12.261142479422134,5.8126507
12.261142479422134,5.8126507
12.261142479422134,5.81265
12.261142479422134,5.81265
12.261142479422134,5.81265
12.261142479422134,5.8126507
12.261142479422134,5.8126497
12.261142479422134,5.81265
12.261142479422134,5.8126497
12.261142479422134,5.8126507
12.261142479422134,5.81265
12.261142479422134,5.81265
12.261142479422134,5.8126497
12.261142479422134,5.8126497
12.261142479422134,5.8126493
12.261142479422134,5.8126497
12.261142479422134,5.81265
12.261142479422134,5.8126497
12.261142479422134,5.81265
12.261142479422134,5.81265
12.261142479422134,5.81265
12.261142479422134,5.81265
12.261142479422134,5.81265
12.261142479422134,5.81265
12.261142479422134,5.81265
12.261142479422134,5.8126507
12.261142479422134,5.81265
12.261142479422134,5.8126497
12.261142479422134,5.8126497
12.261142479422134,5.8126493
12.261142479422134,5.8126493
12.261142479422134,5.8126493
12.261142479422134,5.812649
12.261142479422134,5.8126493
12.261142479422134,5.8126497
12.261142479422134,5.8126493
12.261142479422134,5.8126497
12.261142479422134,5.8126497
12.261142479422134,5.8126497
12.261142479422134,5.8126497
12.261142479422134,5.8126497
12.261142479422134,5.8126497
12.261142479422134,5.8126493
12.261142479422134,5.81265
12.261142479422134,5.8126497
12.261142479422134,5.8126497
12.261142479422134,5.81265
12.261142479422134,5.81265
12.261142479422134,5.81265
12.261142479422134,5.81265
12.261142479422134,5.81265
12.261142479422134,5.81265
12.261142479422134,5.81265
12.261142479422134,5.81265
12.261142479422134,5.8126497
12.261142479422134,5.8126493
12.261142479422134,5.8126497
12.261142479422134,5.81265
12.261142479422134,5.8126497
12.261142479422134,5.8126493
12.261142479422134,5.8126507
12.261142479422134,5.812651
12.261142479422134,5.8126507
12.261142479422134,5.8126507
12.261142479422134,5.81265
12.261142479422134,5.81265
12.261142479422134,5.81265
12.261142479422134,5.8126507
12.261142479422134,5.8126497
12.261142479422134,5.81265
12.261142479422134,5.8126497
12.261142479422134,5.8126507
12.261142479422134,5.81265
12.261142479422134,5.81265
12.261142479422134,5.8126497
12.261142479422134,5.8126497
12.261142479422134,5.8126493
12.261142479422134,5.8126497
12.261142479422134,5.81265
12.261142479422134,5.8126497
12.261142479422134,5.81265
12.261142479422134,5.81265
12.261142479422134,5.81265
12.261142479422134,5.81265
12.261142479422134,5.81265
12.261142479422134,5.81265
12.261142479422134,5.81265
12.261142479422134,5.8126507
12.261142479422134,5.81265
12.261142479422134,5.8126497
12.261142479422134,5.8126497
12.261142479422134,5.8126493
12.261142479422134,5.8126493
12.261142479422134,5.8126493
12.261142479422134,5.812649
12.261142479422134,5.8126493
12.261142479422134,5.8126497
12.261142479422134,5.8126493
12.261142479422134,5.8126497
12.261142479422134,5.8126497
12.261142479422134,5.8126497
12.261142479422134,5.8126497
12.261142479422134,5.8126497
12.261142479422134,5.8126497
12.261142479422134,5.8126493
12.261142479422134,5.81265
12.261142479422134,5.8126497
12.261142479422134,5.8126497
12.261142479422134,5.81265
12.261142479422134,5.81265
12.261142479422134,5.81265
12.261142479422134,5.81265
12.261142479422134,5.81265
12.261142479422134,5.81265
12.261142479422134,5.81265
12.261142479422134,5.81265
12.261142479422134,5.8126497
12.261142479422134,5.8126493
12.261142479422134,5.8126497
12.261142479422134,5.81265
12.261142479422134,5.8126497
12.261142479422134,5.8126493
12.261142479422134,5.8126507
12.261142479422134,5.812651
12.261142479422134,5.8126507
12.261142479422134,5.8126507
12.261142479422134,5.81265
12.261142479422134,5.81265
12.261142479422134,5.81265
12.261142479422134,5.8126507
12.261142479422134,5.8126497
12.261142479422134,5.81265
12.261142479422134,5.8126497
12.261142479422134,5.8126507
12.261142479422134,5.81265
12.261142479422134,5.81265
12.261142479422134,5.8126497
12.261142479422134,5.8126497
12.261142479422134,5.8126493
12.261142479422134,5.8126497
12.261142479422134,5.81265
12.261142479422134,5.8126497
12.261142479422134,5.81265
12.261142479422134,5.81265
12.261142479422134,5.81265
12.261142479422134,5.81265
12.261142479422134,5.81265
12.261142479422134,5.81265
12.261142479422134,5.81265
12.261142479422134,5.8126507
12.261142479422134,5.81265
12.261142479422134,5.8126497
12.261142479422134,5.8126497
12.261142479422134,5.8126493
12.261142479422134,5.8126493
12.261142479422134,5.8126493
12.261142479422134,5.812649
12.261142479422134,5.8126493
12.261142479422134,5.8126497
12.261142479422134,5.8126493
12.261142479422134,5.8126497
12.261142479422134,5.8126497
12.261142479422134,5.8126497
12.261142479422134,5.8126497
12.261142479422134,5.8126497
12.261142479422134,5.8126497
12.261142479422134,5.8126493
12.261142479422134,5.81265
12.261142479422134,5.8126497
12.261142479422134,5.8126497
12.261142479422134,5.81265
12.261142479422134,5.81265
12.261142479422134,5.81265
12.261142479422134,5.81265
12.261142479422134,5.81265
12.261142479422134,5.81265
12.261142479422134,5.81265
12.261142479422134,5.81265
12.261142479422134,5.8126497
12.261142479422134,5.8126493
12.261142479422134,5.8126497
12.261142479422134,5.81265
12.261142479422134,5.8126497
12.261142479422134,5.8126493
12.261142479422134,5.8126507
12.261142479422134,5.812651
12.261142479422134,5.8126507
12.261142479422134,5.8126507
12.261142479422134,5.81265
12.261142479422134,5.81265
12.261142479422134,5.81265
12.261142479422134,5.8126507
12.261142479422134,5.8126497
12.261142479422134,5.81265
12.261142479422134,5.8126497
12.261142479422134,5.8126507
12.261142479422134,5.81265
12.261142479422134,5.81265
12.261142479422134,5.8126497
12.261142479422134,5.8126497
12.261142479422134,5.8126493
12.261142479422134,5.8126497
12.261142479422134,5.81265
12.261142479422134,5.8126497
12.261142479422134,5.81265
12.261142479422134,5.81265
12.261142479422134,5.81265
12.261142479422134,5.81265
12.261142479422134,5.81265
12.261142479422134,5.81265
12.261142479422134,5.81265
12.261142479422134,5.8126507
12.261142479422134,5.81265
12.261142479422134,5.8126497
12.261142479422134,5.8126497
12.261142479422134,5.8126493
12.261142479422134,5.8126493
12.261142479422134,5.8126493
12.261142479422134,5.812649
12.261142479422134,5.8126493
12.261142479422134,5.8126497
12.261142479422134,5.8126493
12.261142479422134,5.8126497
12.261142479422134,5.8126497
12.261142479422134,5.8126497
12.261142479422134,5.8126497
12.261142479422134,5.8126497
12.261142479422134,5.8126497
12.261142479422134,5.8126493
12.261142479422134,5.81265
12.261142479422134,5.8126497
12.261142479422134,5.8126497
12.261142479422134,5.81265
12.261142479422134,5.81265
12.261142479422134,5.81265
12.261142479422134,5.81265
12.261142479422134,5.81265
12.261142479422134,5.81265
12.261142479422134,5.81265
12.261142479422134,5.81265
12.261142479422134,5.8126497
12.261142479422134,5.8126493
12.261142479422134,5.8126497
12.261142479422134,5.81265
12.261142479422134,5.8126497
12.261142479422134,5.8126493
12.261142479422134,5.8126507
12.261142479422134,5.812651
12.261142479422134,5.8126507
12.261142479422134,5.8126507
12.261142479422134,5.81265
12.261142479422134,5.81265
12.261142479422134,5.81265
12.261142479422134,5.8126507
12.261142479422134,5.8126497
12.261142479422134,5.81265
12.261142479422134,5.8126497
12.261142479422134,5.8126507
12.261142479422134,5.81265
12.261142479422134,5.81265
12.261142479422134,5.8126497
12.261142479422134,5.8126497
12.261142479422134,5.8126493
12.261142479422134,5.8126497
12.261142479422134,5.81265
12.261142479422134,5.8126497
12.261142479422134,5.81265
12.261142479422134,5.81265
12.261142479422134,5.81265
12.261142479422134,5.81265
12.261142479422134,5.81265
12.261142479422134,5.81265
12.261142479422134,5.81265
12.261142479422134,5.8126507
12.261142479422134,5.81265
12.261142479422134,5.8126497
12.261142479422134,5.8126497
12.261142479422134,5.8126493
12.261142479422134,5.8126493
12.261142479422134,5.8126493
12.261142479422134,5.812649
12.261142479422134,5.8126493
12.261142479422134,5.8126497
12.261142479422134,5.8126493
12.261142479422134,5.8126497
12.261142479422134,5.8126497
12.261142479422134,5.8126497
12.261142479422134,5.8126497
12.261142479422134,5.8126497
12.261142479422134,5.8126497
12.261142479422134,5.8126493
12.261142479422134,5.81265
12.261142479422134,5.8126497
12.261142479422134,5.8126497
12.261142479422134,5.81265
12.261142479422134,5.81265
12.261142479422134,5.81265
12.261142479422134,5.81265
12.261142479422134,5.81265
12.261142479422134,5.81265
12.261142479422134,5.81265
12.261142479422134,5.81265
12.261142479422134,5.8126497
12.261142479422134,5.8126493
12.261142479422134,5.8126497
12.261142479422134,5.81265
12.261142479422134,5.8126497
12.261142479422134,5.8126493
12.261142479422134,5.8126507
12.261142479422134,5.812651
12.261142479422134,5.8126507
12.261142479422134,5.8126507
12.261142479422134,5.81265
12.261142479422134,5.81265
12.261142479422134,5.81265
12.261142479422134,5.8126507
12.261142479422134,5.8126497
12.261142479422134,5.81265
12.261142479422134,5.8126497
12.261142479422134,5.8126507
12.261142479422134,5.81265
12.261142479422134,5.81265
12.261142479422134,5.8126497
12.261142479422134,5.8126497
12.261142479422134,5.8126493
12.261142479422134,5.8126497
12.261142479422134,5.81265
12.261142479422134,5.8126497
12.261142479422134,5.81265
12.261142479422134,5.81265
12.261142479422134,5.81265
12.261142479422134,5.81265
12.261142479422134,5.81265
12.261142479422134,5.81265
12.261142479422134,5.81265
12.261142479422134,5.8126507
12.261142479422134,5.81265
12.261142479422134,5.8126497
12.261142479422134,5.8126497
12.261142479422134,5.8126493
12.261142479422134,5.8126493
12.261142479422134,5.8126493
12.261142479422134,5.812649
12.261142479422134,5.8126493
12.261142479422134,5.8126497
12.261142479422134,5.8126493
12.261142479422134,5.8126497
12.261142479422134,5.8126497
12.261142479422134,5.8126497
12.261142479422134,5.8126497
12.261142479422134,5.8126497
12.261142479422134,5.8126497
12.261142479422134,5.8126493
12.261142479422134,5.81265
12.261142479422134,5.8126497
12.261142479422134,5.8126497
12.261142479422134,5.81265
12.261142479422134,5.81265
12.261142479422134,5.81265
12.261142479422134,5.81265
12.261142479422134,5.81265
12.261142479422134,5.81265
12.261142479422134,5.81265
12.261142479422134,5.81265
12.261142479422134,5.8126497
12.261142479422134,5.8126493
12.261142479422134,5.8126497
12.261142479422134,5.81265
12.261142479422134,5.8126497
12.261142479422134,5.8126493
12.261142479422134,5.8126507
12.261142479422134,5.812651
12.261142479422134,5.8126507
12.261142479422134,5.8126507
12.261142479422134,5.81265
12.261142479422134,5.81265
12.261142479422134,5.81265
12.261142479422134,5.8126507
12.261142479422134,5.8126497
12.261142479422134,5.81265
12.261142479422134,5.8126497
12.261142479422134,5.8126507
12.261142479422134,5.81265
12.261142479422134,5.81265
12.261142479422134,5.8126497
12.261142479422134,5.8126497
12.261142479422134,5.8126493
12.261142479422134,5.8126497
12.261142479422134,5.81265
12.261142479422134,5.8126497
12.261142479422134,5.81265
12.261142479422134,5.81265
12.261142479422134,5.81265
12.261142479422134,5.81265
12.261142479422134,5.81265
12.261142479422134,5.81265
12.261142479422134,5.81265
12.261142479422134,5.8126507
12.261142479422134,5.81265
12.261142479422134,5.8126497
12.261142479422134,5.8126497
12.261142479422134,5.8126493
12.261142479422134,5.8126493
12.261142479422134,5.8126493
12.261142479422134,5.812649
12.261142479422134,5.8126493
12.261142479422134,5.8126497
12.261142479422134,5.8126493
12.261142479422134,5.8126497
12.261142479422134,5.8126497
12.261142479422134,5.8126497
12.261142479422134,5.8126497
12.261142479422134,5.8126497
12.261142479422134,5.8126497
12.261142479422134,5.8126493
12.261142479422134,5.81265
12.261142479422134,5.8126497
12.261142479422134,5.8126497
12.261142479422134,5.81265
12.261142479422134,5.81265
12.261142479422134,5.81265
12.261142479422134,5.81265
12.261142479422134,5.81265
12.261142479422134,5.81265
12.261142479422134,5.81265
12.261142479422134,5.81265
12.261142479422134,5.8126497
12.261142479422134,5.8126493
12.261142479422134,5.8126497
12.261142479422134,5.81265
12.261142479422134,5.8126497
12.261142479422134,5.8126493
12.261142479422134,5.8126507
12.261142479422134,5.812651
12.261142479422134,5.8126507
12.261142479422134,5.8126507
12.261142479422134,5.81265
12.261142479422134,5.81265
12.261142479422134,5.81265
12.261142479422134,5.8126507
12.261142479422134,5.8126497
12.261142479422134,5.81265
12.261142479422134,5.8126497
12.261142479422134,5.8126507
12.261142479422134,5.81265
12.261142479422134,5.81265
12.261142479422134,5.8126497
12.261142479422134,5.8126497
12.261142479422134,5.8126493
12.261142479422134,5.8126497
12.261142479422134,5.81265
12.261142479422134,5.8126497
12.261142479422134,5.81265
12.261142479422134,5.81265
12.261142479422134,5.81265
12.261142479422134,5.81265
12.261142479422134,5.81265
12.261142479422134,5.81265
12.261142479422134,5.81265
12.261142479422134,5.8126507
12.261142479422134,5.81265
12.261142479422134,5.8126497
12.261142479422134,5.8126497
12.261142479422134,5.8126493
12.261142479422134,5.8126493
12.261142479422134,5.8126493
12.261142479422134,5.812649
12.261142479422134,5.8126493
12.261142479422134,5.8126497
12.261142479422134,5.8126493
12.261142479422134,5.8126497
12.261142479422134,5.8126497
12.261142479422134,5.8126497
12.261142479422134,5.8126497
12.261142479422134,5.8126497
12.261142479422134,5.8126497
12.261142479422134,5.8126493
12.261142479422134,5.81265
12.261142479422134,5.8126497
12.261142479422134,5.8126497
12.261142479422134,5.81265
12.261142479422134,5.81265
12.261142479422134,5.81265
12.261142479422134,5.81265
12.261142479422134,5.81265
12.261142479422134,5.81265
12.261142479422134,5.81265
12.261142479422134,5.81265
12.261142479422134,5.8126497
12.261142479422134,5.8126493
12.261142479422134,5.8126497
12.261142479422134,5.81265
12.261142479422134,5.8126497
12.261142479422134,5.8126493
12.261142479422134,5.8126507
12.261142479422134,5.812651
12.261142479422134,5.8126507
12.261142479422134,5.8126507
12.261142479422134,5.81265
12.261142479422134,5.81265
12.261142479422134,5.81265
12.261142479422134,5.8126507
12.261142479422134,5.8126497
12.261142479422134,5.81265
12.261142479422134,5.8126497
12.261142479422134,5.8126507
12.261142479422134,5.81265
12.261142479422134,5.81265
12.261142479422134,5.8126497
12.261142479422134,5.8126497
12.261142479422134,5.8126493
12.261142479422134,5.8126497
12.261142479422134,5.81265
12.261142479422134,5.8126497
12.261142479422134,5.81265
12.261142479422134,5.81265
12.261142479422134,5.81265
12.261142479422134,5.81265
12.261142479422134,5.81265
12.261142479422134,5.81265
12.261142479422134,5.81265
12.261142479422134,5.8126507
12.261142479422134,5.81265
12.261142479422134,5.8126497
12.261142479422134,5.8126497
12.261142479422134,5.8126493
12.261142479422134,5.8126493
12.261142479422134,5.8126493
12.261142479422134,5.812649
12.261142479422134,5.8126493
12.261142479422134,5.8126497
12.261142479422134,5.8126493
12.261142479422134,5.8126497
12.261142479422134,5.8126497
12.261142479422134,5.8126497
12.261142479422134,5.8126497
12.261142479422134,5.8126497
12.261142479422134,5.8126497
12.261142479422134,5.8126493
12.261142479422134,5.81265
12.261142479422134,5.8126497
12.261142479422134,5.8126497
12.261142479422134,5.81265
12.261142479422134,5.81265
12.261142479422134,5.81265
12.261142479422134,5.81265
12.261142479422134,5.81265
12.261142479422134,5.81265
12.261142479422134,5.81265
12.261142479422134,5.81265
12.261142479422134,5.8126497
12.261142479422134,5.8126493
12.261142479422134,5.8126497
12.261142479422134,5.81265
12.261142479422134,5.8126497
12.261142479422134,5.8126493
12.261142479422134,5.8126507
12.261142479422134,5.812651
12.261142479422134,5.8126507
12.261142479422134,5.8126507
12.261142479422134,5.81265
12.261142479422134,5.81265
12.261142479422134,5.81265
12.261142479422134,5.8126507
12.261142479422134,5.8126497
12.261142479422134,5.81265
12.261142479422134,5.8126497
12.261142479422134,5.8126507
12.261142479422134,5.81265
12.261142479422134,5.81265
12.261142479422134,5.8126497
12.261142479422134,5.8126497
12.261142479422134,5.8126493
12.261142479422134,5.8126497
12.261142479422134,5.81265
12.261142479422134,5.8126497
12.261142479422134,5.81265
12.261142479422134,5.81265
12.261142479422134,5.81265
12.261142479422134,5.81265
12.261142479422134,5.81265
12.261142479422134,5.81265
12.261142479422134,5.81265
12.261142479422134,5.8126507
12.261142479422134,5.81265
12.261142479422134,5.8126497
12.261142479422134,5.8126497
12.261142479422134,5.8126493
12.261142479422134,5.8126493
12.261142479422134,5.8126493
12.261142479422134,5.812649
12.261142479422134,5.8126493
12.261142479422134,5.8126497
12.261142479422134,5.8126493
12.261142479422134,5.8126497
12.261142479422134,5.8126497
12.261142479422134,5.8126497
12.261142479422134,5.8126497
12.261142479422134,5.8126497
12.261142479422134,5.8126497
12.261142479422134,5.8126493
12.261142479422134,5.81265
12.261142479422134,5.8126497
12.261142479422134,5.8126497
12.261142479422134,5.81265
12.261142479422134,5.81265
12.261142479422134,5.81265
12.261142479422134,5.81265
12.261142479422134,5.81265
12.261142479422134,5.81265
12.261142479422134,5.81265
12.261142479422134,5.81265
12.261142479422134,5.8126497
12.261142479422134,5.8126493
12.261142479422134,5.8126497
12.261142479422134,5.81265
12.261142479422134,5.8126497
12.261142479422134,5.8126493
12.261142479422134,5.8126507
12.261142479422134,5.812651
12.261142479422134,5.8126507
12.261142479422134,5.8126507
12.261142479422134,5.81265
12.261142479422134,5.81265
12.261142479422134,5.81265
12.261142479422134,5.8126507
12.261142479422134,5.8126497
12.261142479422134,5.81265
12.261142479422134,5.8126497
12.261142479422134,5.8126507
12.261142479422134,5.81265
12.261142479422134,5.81265
12.261142479422134,5.8126497
12.261142479422134,5.8126497
12.261142479422134,5.8126493
12.261142479422134,5.8126497
12.261142479422134,5.81265
12.261142479422134,5.8126497
12.261142479422134,5.81265
12.261142479422134,5.81265
12.261142479422134,5.81265
12.261142479422134,5.81265
12.261142479422134,5.81265
12.261142479422134,5.81265
12.261142479422134,5.81265
12.261142479422134,5.8126507
12.261142479422134,5.81265
12.261142479422134,5.8126497
12.261142479422134,5.8126497
12.261142479422134,5.8126493
12.261142479422134,5.8126493
12.261142479422134,5.8126493
12.261142479422134,5.812649
12.261142479422134,5.8126493
12.261142479422134,5.8126497
12.261142479422134,5.8126493
12.261142479422134,5.8126497
12.261142479422134,5.8126497
12.261142479422134,5.8126497
12.261142479422134,5.8126497
12.261142479422134,5.8126497
12.261142479422134,5.8126497
12.261142479422134,5.8126493
12.261142479422134,5.81265
12.261142479422134,5.8126497
12.261142479422134,5.8126497
12.261142479422134,5.81265
12.261142479422134,5.81265
12.261142479422134,5.81265
12.261142479422134,5.81265
12.261142479422134,5.81265
12.261142479422134,5.81265
12.261142479422134,5.81265
12.261142479422134,5.81265
12.261142479422134,5.8126497
12.261142479422134,5.8126493
12.261142479422134,5.8126497
12.261142479422134,5.81265
12.261142479422134,5.8126497
12.261142479422134,5.8126493
12.261142479422134,5.8126507
12.261142479422134,5.812651
12.261142479422134,5.8126507
12.261142479422134,5.8126507
12.261142479422134,5.81265
12.261142479422134,5.81265
12.261142479422134,5.81265
12.261142479422134,5.8126507
12.261142479422134,5.8126497
12.261142479422134,5.81265
12.261142479422134,5.8126497
12.261142479422134,5.8126507
12.261142479422134,5.81265
12.261142479422134,5.81265
12.261142479422134,5.8126497
12.261142479422134,5.8126497
12.261142479422134,5.8126493
12.261142479422134,5.8126497
12.261142479422134,5.81265
12.261142479422134,5.8126497
12.261142479422134,5.81265
12.261142479422134,5.81265
12.261142479422134,5.81265
12.261142479422134,5.81265
12.261142479422134,5.81265
12.261142479422134,5.81265
12.261142479422134,5.81265
12.261142479422134,5.8126507
12.261142479422134,5.81265
12.261142479422134,5.8126497
12.261142479422134,5.8126497
12.261142479422134,5.8126493
12.261142479422134,5.8126493
12.261142479422134,5.8126493
12.261142479422134,5.812649
12.261142479422134,5.8126493
12.261142479422134,5.8126497
12.261142479422134,5.8126493
12.261142479422134,5.8126497
12.261142479422134,5.8126497
12.261142479422134,5.8126497
12.261142479422134,5.8126497
12.261142479422134,5.8126497
12.261142479422134,5.8126497
12.261142479422134,5.8126493
12.261142479422134,5.81265
12.261142479422134,5.8126497
12.261142479422134,5.8126497
12.261142479422134,5.81265
12.261142479422134,5.81265
12.261142479422134,5.81265
12.261142479422134,5.81265
12.261142479422134,5.81265
12.261142479422134,5.81265
12.261142479422134,5.81265
12.261142479422134,5.81265
12.261142479422134,5.8126497
12.261142479422134,5.8126493
12.261142479422134,5.8126497
12.261142479422134,5.81265
12.261142479422134,5.8126497
12.261142479422134,5.8126493
12.261142479422134,5.8126507
12.261142479422134,5.812651
12.261142479422134,5.8126507
12.261142479422134,5.8126507
12.261142479422134,5.81265
12.261142479422134,5.81265
12.261142479422134,5.81265
12.261142479422134,5.8126507
12.261142479422134,5.8126497
12.261142479422134,5.81265
12.261142479422134,5.8126497
12.261142479422134,5.8126507
12.261142479422134,5.81265
12.261142479422134,5.81265
12.261142479422134,5.8126497
12.261142479422134,5.8126497
12.261142479422134,5.8126493
12.261142479422134,5.8126497
12.261142479422134,5.81265
12.261142479422134,5.8126497
12.261142479422134,5.81265
12.261142479422134,5.81265
12.261142479422134,5.81265
12.261142479422134,5.81265
12.261142479422134,5.81265
12.261142479422134,5.81265
12.261142479422134,5.81265
12.261142479422134,5.8126507
12.261142479422134,5.81265
12.261142479422134,5.8126497
12.261142479422134,5.8126497
12.261142479422134,5.8126493
12.261142479422134,5.8126493
12.261142479422134,5.8126493
12.261142479422134,5.812649
12.261142479422134,5.8126493
12.261142479422134,5.8126497
12.261142479422134,5.8126493
12.261142479422134,5.8126497
12.261142479422134,5.8126497
12.261142479422134,5.8126497
12.261142479422134,5.8126497
12.261142479422134,5.8126497
12.261142479422134,5.8126497
12.261142479422134,5.8126493
12.261142479422134,5.81265
12.261142479422134,5.8126497
12.261142479422134,5.8126497
12.261142479422134,5.81265
12.261142479422134,5.81265
12.261142479422134,5.81265
12.261142479422134,5.81265
12.261142479422134,5.81265
12.261142479422134,5.81265
12.261142479422134,5.81265
12.261142479422134,5.81265
12.261142479422134,5.8126497
12.261142479422134,5.8126493
12.261142479422134,5.8126497
12.261142479422134,5.81265
12.261142479422134,5.8126497
12.261142479422134,5.8126493
12.261142479422134,5.8126507
12.261142479422134,5.812651
12.261142479422134,5.8126507
12.261142479422134,5.8126507
12.261142479422134,5.81265
12.261142479422134,5.81265
12.261142479422134,5.81265
12.261142479422134,5.8126507
12.261142479422134,5.8126497
12.261142479422134,5.81265
12.261142479422134,5.8126497
12.261142479422134,5.8126507
12.261142479422134,5.81265
12.261142479422134,5.81265
12.261142479422134,5.8126497
12.261142479422134,5.8126497
12.261142479422134,5.8126493
12.261142479422134,5.8126497
12.261142479422134,5.81265
12.261142479422134,5.8126497
12.261142479422134,5.81265
12.261142479422134,5.81265
12.261142479422134,5.81265
12.261142479422134,5.81265
12.261142479422134,5.81265
12.261142479422134,5.81265
12.261142479422134,5.81265
12.261142479422134,5.8126507
12.261142479422134,5.81265
12.261142479422134,5.8126497
12.261142479422134,5.8126497
12.261142479422134,5.8126493
12.261142479422134,5.8126493
12.261142479422134,5.8126493
12.261142479422134,5.812649
12.261142479422134,5.8126493
12.261142479422134,5.8126497
12.261142479422134,5.8126493
12.261142479422134,5.8126497
12.261142479422134,5.8126497
12.261142479422134,5.8126497
12.261142479422134,5.8126497
12.261142479422134,5.8126497
12.261142479422134,5.8126497
12.261142479422134,5.8126493
12.261142479422134,5.81265
12.261142479422134,5.8126497
12.261142479422134,5.8126497
12.261142479422134,5.81265
12.261142479422134,5.81265
12.261142479422134,5.81265
12.261142479422134,5.81265
12.261142479422134,5.81265
12.261142479422134,5.81265
12.261142479422134,5.81265
12.261142479422134,5.81265
12.261142479422134,5.8126497
12.261142479422134,5.8126493
12.261142479422134,5.8126497
12.261142479422134,5.81265
12.261142479422134,5.8126497
12.261142479422134,5.8126493
12.261142479422134,5.8126507
12.261142479422134,5.812651
12.261142479422134,5.8126507
12.261142479422134,5.8126507
12.261142479422134,5.81265
12.261142479422134,5.81265
12.261142479422134,5.81265
12.261142479422134,5.8126507
12.261142479422134,5.8126497
12.261142479422134,5.81265
12.261142479422134,5.8126497
12.261142479422134,5.8126507
12.261142479422134,5.81265
12.261142479422134,5.81265
12.261142479422134,5.8126497
12.261142479422134,5.8126497
12.261142479422134,5.8126493
12.261142479422134,5.8126497
12.261142479422134,5.81265
12.261142479422134,5.8126497
12.261142479422134,5.81265
12.261142479422134,5.81265
12.261142479422134,5.81265
12.261142479422134,5.81265
12.261142479422134,5.81265
12.261142479422134,5.81265
12.261142479422134,5.81265
12.261142479422134,5.8126507
12.261142479422134,5.81265
12.261142479422134,5.8126497
12.261142479422134,5.8126497
12.261142479422134,5.8126493
12.261142479422134,5.8126493
12.261142479422134,5.8126493
12.261142479422134,5.812649
12.261142479422134,5.8126493
12.261142479422134,5.8126497
12.261142479422134,5.8126493
12.261142479422134,5.8126497
12.261142479422134,5.8126497
12.261142479422134,5.8126497
12.261142479422134,5.8126497
12.261142479422134,5.8126497
12.261142479422134,5.8126497
12.261142479422134,5.8126493
12.261142479422134,5.81265
12.261142479422134,5.8126497
12.261142479422134,5.8126497
12.261142479422134,5.81265
12.261142479422134,5.81265
12.261142479422134,5.81265
12.261142479422134,5.81265
12.261142479422134,5.81265
12.261142479422134,5.81265
12.261142479422134,5.81265
12.261142479422134,5.81265
12.261142479422134,5.8126497
12.261142479422134,5.8126493
12.261142479422134,5.8126497
12.261142479422134,5.81265
12.261142479422134,5.8126497
12.261142479422134,5.8126493
12.261142479422134,5.8126507
12.261142479422134,5.812651
12.261142479422134,5.8126507
12.261142479422134,5.8126507
12.261142479422134,5.81265
12.261142479422134,5.81265
12.261142479422134,5.81265
12.261142479422134,5.8126507
12.261142479422134,5.8126497
12.261142479422134,5.81265
12.261142479422134,5.8126497
12.261142479422134,5.8126507
12.261142479422134,5.81265
12.261142479422134,5.81265
12.261142479422134,5.8126497
12.261142479422134,5.8126497
12.261142479422134,5.8126493
12.261142479422134,5.8126497
12.261142479422134,5.81265
12.261142479422134,5.8126497
12.261142479422134,5.81265
12.261142479422134,5.81265
12.261142479422134,5.81265
12.261142479422134,5.81265
12.261142479422134,5.81265
12.261142479422134,5.81265
12.261142479422134,5.81265
12.261142479422134,5.8126507
12.261142479422134,5.81265
12.261142479422134,5.8126497
12.261142479422134,5.8126497
12.261142479422134,5.8126493
12.261142479422134,5.8126493
12.261142479422134,5.8126493
12.261142479422134,5.812649
12.261142479422134,5.8126493
12.261142479422134,5.8126497
12.261142479422134,5.8126493
12.261142479422134,5.8126497
12.261142479422134,5.8126497
12.261142479422134,5.8126497
12.261142479422134,5.8126497
12.261142479422134,5.8126497
12.261142479422134,5.8126497
12.261142479422134,5.8126493
12.261142479422134,5.81265
12.261142479422134,5.8126497
12.261142479422134,5.8126497
12.261142479422134,5.81265
12.261142479422134,5.81265
12.261142479422134,5.81265
12.261142479422134,5.81265
12.261142479422134,5.81265
12.261142479422134,5.81265
12.261142479422134,5.81265
12.261142479422134,5.81265
12.261142479422134,5.8126497
12.261142479422134,5.8126493
12.261142479422134,5.8126497
12.261142479422134,5.81265
12.261142479422134,5.8126497
12.261142479422134,5.8126493
12.261142479422134,5.8126507
12.261142479422134,5.812651
12.261142479422134,5.8126507
12.261142479422134,5.8126507
12.261142479422134,5.81265
12.261142479422134,5.81265
12.261142479422134,5.81265
12.261142479422134,5.8126507
12.261142479422134,5.8126497
12.261142479422134,5.81265
12.261142479422134,5.8126497
12.261142479422134,5.8126507
12.261142479422134,5.81265
12.261142479422134,5.81265
12.261142479422134,5.8126497
12.261142479422134,5.8126497
12.261142479422134,5.8126493
12.261142479422134,5.8126497
12.261142479422134,5.81265
12.261142479422134,5.8126497
12.261142479422134,5.81265
12.261142479422134,5.81265
12.261142479422134,5.81265
12.261142479422134,5.81265
12.261142479422134,5.81265
12.261142479422134,5.81265
12.261142479422134,5.81265
12.261142479422134,5.8126507
12.261142479422134,5.81265
12.261142479422134,5.8126497
12.261142479422134,5.8126497
12.261142479422134,5.8126493
12.261142479422134,5.8126493
12.261142479422134,5.8126493
12.261142479422134,5.812649
12.261142479422134,5.8126493
12.261142479422134,5.8126497
12.261142479422134,5.8126493
12.261142479422134,5.8126497
12.261142479422134,5.8126497
12.261142479422134,5.8126497
12.261142479422134,5.8126497
12.261142479422134,5.8126497
12.261142479422134,5.8126497
12.261142479422134,5.8126493
12.261142479422134,5.81265
12.261142479422134,5.8126497
12.261142479422134,5.8126497
12.261142479422134,5.81265
12.261142479422134,5.81265
12.261142479422134,5.81265
12.261142479422134,5.81265
12.261142479422134,5.81265
12.261142479422134,5.81265
12.261142479422134,5.81265
12.261142479422134,5.81265
12.261142479422134,5.8126497
12.261142479422134,5.8126493
12.261142479422134,5.8126497
12.261142479422134,5.81265
12.261142479422134,5.8126497
12.261142479422134,5.8126493
12.261142479422134,5.8126507
12.261142479422134,5.812651
12.261142479422134,5.8126507
12.261142479422134,5.8126507
12.261142479422134,5.81265
12.261142479422134,5.81265
12.261142479422134,5.81265
12.261142479422134,5.8126507
12.261142479422134,5.8126497
12.261142479422134,5.81265
12.261142479422134,5.8126497
12.261142479422134,5.8126507
12.261142479422134,5.81265
12.261142479422134,5.81265
12.261142479422134,5.8126497
12.261142479422134,5.8126497
12.261142479422134,5.8126493
12.261142479422134,5.8126497
12.261142479422134,5.81265
12.261142479422134,5.8126497
12.261142479422134,5.81265
12.261142479422134,5.81265
12.261142479422134,5.81265
12.261142479422134,5.81265
12.261142479422134,5.81265
12.261142479422134,5.81265
12.261142479422134,5.81265
12.261142479422134,5.8126507
12.261142479422134,5.81265
12.261142479422134,5.8126497
12.261142479422134,5.8126497
12.261142479422134,5.8126493
12.261142479422134,5.8126493
12.261142479422134,5.8126493
12.261142479422134,5.812649
12.261142479422134,5.8126493
12.261142479422134,5.8126497
12.261142479422134,5.8126493
12.261142479422134,5.8126497
12.261142479422134,5.8126497
12.261142479422134,5.8126497
12.261142479422134,5.8126497
12.261142479422134,5.8126497
12.261142479422134,5.8126497
12.261142479422134,5.8126493
12.261142479422134,5.81265
12.261142479422134,5.8126497
12.261142479422134,5.8126497
12.261142479422134,5.81265
12.261142479422134,5.81265
12.261142479422134,5.81265
12.261142479422134,5.81265
12.261142479422134,5.81265
12.261142479422134,5.81265
12.261142479422134,5.81265
12.261142479422134,5.81265
12.261142479422134,5.8126497
12.261142479422134,5.8126493
12.261142479422134,5.8126497
12.261142479422134,5.81265
12.261142479422134,5.8126497
12.261142479422134,5.8126493
12.261142479422134,5.8126507
12.261142479422134,5.812651
12.261142479422134,5.8126507
12.261142479422134,5.8126507
12.261142479422134,5.81265
12.261142479422134,5.81265
12.261142479422134,5.81265
12.261142479422134,5.8126507
12.261142479422134,5.8126497
12.261142479422134,5.81265
12.261142479422134,5.8126497
12.261142479422134,5.8126507
12.261142479422134,5.81265
12.261142479422134,5.81265
12.261142479422134,5.8126497
12.261142479422134,5.8126497
12.261142479422134,5.8126493
12.261142479422134,5.8126497
12.261142479422134,5.81265
12.261142479422134,5.8126497
12.261142479422134,5.81265
12.261142479422134,5.81265
12.261142479422134,5.81265
12.261142479422134,5.81265
12.261142479422134,5.81265
12.261142479422134,5.81265
12.261142479422134,5.81265
12.261142479422134,5.8126507
12.261142479422134,5.81265
12.261142479422134,5.8126497
12.261142479422134,5.8126497
12.261142479422134,5.8126493
12.261142479422134,5.8126493
12.261142479422134,5.8126493
12.261142479422134,5.812649
12.261142479422134,5.8126493
12.261142479422134,5.8126497
12.261142479422134,5.8126493
12.261142479422134,5.8126497
12.261142479422134,5.8126497
12.261142479422134,5.8126497
12.261142479422134,5.8126497
12.261142479422134,5.8126497
12.261142479422134,5.8126497
12.261142479422134,5.8126493
12.261142479422134,5.81265
12.261142479422134,5.8126497
12.261142479422134,5.8126497
12.261142479422134,5.81265
12.261142479422134,5.81265
12.261142479422134,5.81265
12.261142479422134,5.81265
12.261142479422134,5.81265
12.261142479422134,5.81265
12.261142479422134,5.81265
12.261142479422134,5.81265
12.261142479422134,5.8126497
12.261142479422134,5.8126493
12.261142479422134,5.8126497
12.261142479422134,5.81265
12.261142479422134,5.8126497
12.261142479422134,5.8126493
12.261142479422134,5.8126507
12.261142479422134,5.812651
12.261142479422134,5.8126507
12.261142479422134,5.8126507
12.261142479422134,5.81265
12.261142479422134,5.81265
12.261142479422134,5.81265
12.261142479422134,5.8126507
12.261142479422134,5.8126497
12.261142479422134,5.81265
12.261142479422134,5.8126497
12.261142479422134,5.8126507
12.261142479422134,5.81265
12.261142479422134,5.81265
12.261142479422134,5.8126497
12.261142479422134,5.8126497
12.261142479422134,5.8126493
12.261142479422134,5.8126497
12.261142479422134,5.81265
12.261142479422134,5.8126497
12.261142479422134,5.81265
12.261142479422134,5.81265
12.261142479422134,5.81265
12.261142479422134,5.81265
12.261142479422134,5.81265
12.261142479422134,5.81265
12.261142479422134,5.81265
12.261142479422134,5.8126507
12.261142479422134,5.81265
12.261142479422134,5.8126497
12.261142479422134,5.8126497
12.261142479422134,5.8126493
12.261142479422134,5.8126493
12.261142479422134,5.8126493
12.261142479422134,5.812649
12.261142479422134,5.8126493
12.261142479422134,5.8126497
12.261142479422134,5.8126493
12.261142479422134,5.8126497
12.261142479422134,5.8126497
12.261142479422134,5.8126497
12.261142479422134,5.8126497
12.261142479422134,5.8126497
12.261142479422134,5.8126497
12.261142479422134,5.8126493
12.261142479422134,5.81265
12.261142479422134,5.8126497
12.261142479422134,5.8126497
12.261142479422134,5.81265
12.261142479422134,5.81265
12.261142479422134,5.81265
12.261142479422134,5.81265
12.261142479422134,5.81265
12.261142479422134,5.81265
12.261142479422134,5.81265
12.261142479422134,5.81265
12.261142479422134,5.8126497
12.261142479422134,5.8126493
12.261142479422134,5.8126497
12.261142479422134,5.81265
12.261142479422134,5.8126497
12.261142479422134,5.8126493
12.261142479422134,5.8126507
12.261142479422134,5.812651
12.261142479422134,5.8126507
12.261142479422134,5.8126507
12.261142479422134,5.81265
12.261142479422134,5.81265
12.261142479422134,5.81265
12.261142479422134,5.8126507
12.261142479422134,5.8126497
12.261142479422134,5.81265
12.261142479422134,5.8126497
12.261142479422134,5.8126507
12.261142479422134,5.81265
12.261142479422134,5.81265
12.261142479422134,5.8126497
12.261142479422134,5.8126497
12.261142479422134,5.8126493
12.261142479422134,5.8126497
12.261142479422134,5.81265
12.261142479422134,5.8126497
12.261142479422134,5.81265
12.261142479422134,5.81265
12.261142479422134,5.81265
12.261142479422134,5.81265
12.261142479422134,5.81265
12.261142479422134,5.81265
12.261142479422134,5.81265
12.261142479422134,5.8126507
12.261142479422134,5.81265
12.261142479422134,5.8126497
12.261142479422134,5.8126497
12.261142479422134,5.8126493
12.261142479422134,5.8126493
12.261142479422134,5.8126493
12.261142479422134,5.812649
12.261142479422134,5.8126493
12.261142479422134,5.8126497
12.261142479422134,5.8126493
12.261142479422134,5.8126497
12.261142479422134,5.8126497
12.261142479422134,5.8126497
12.261142479422134,5.8126497
12.261142479422134,5.8126497
12.261142479422134,5.8126497
12.261142479422134,5.8126493
12.261142479422134,5.81265
12.261142479422134,5.8126497
12.261142479422134,5.8126497
12.261142479422134,5.81265
12.261142479422134,5.81265
12.261142479422134,5.81265
12.261142479422134,5.81265
12.261142479422134,5.81265
12.261142479422134,5.81265
12.261142479422134,5.81265
12.261142479422134,5.81265
12.261142479422134,5.8126497
12.261142479422134,5.8126493
12.261142479422134,5.8126497
12.261142479422134,5.81265
12.261142479422134,5.8126497
12.261142479422134,5.8126493
12.261142479422134,5.8126507
12.261142479422134,5.812651
12.261142479422134,5.8126507
12.261142479422134,5.8126507
12.261142479422134,5.81265
12.261142479422134,5.81265
12.261142479422134,5.81265
12.261142479422134,5.8126507
12.261142479422134,5.8126497
12.261142479422134,5.81265
12.261142479422134,5.8126497
12.261142479422134,5.8126507
12.261142479422134,5.81265
12.261142479422134,5.81265
12.261142479422134,5.8126497
12.261142479422134,5.8126497
12.261142479422134,5.8126493
12.261142479422134,5.8126497
12.261142479422134,5.81265
12.261142479422134,5.8126497
12.261142479422134,5.81265
12.261142479422134,5.81265
12.261142479422134,5.81265
12.261142479422134,5.81265
12.261142479422134,5.81265
12.261142479422134,5.81265
12.261142479422134,5.81265
12.261142479422134,5.8126507
12.261142479422134,5.81265
12.261142479422134,5.8126497
12.261142479422134,5.8126497
12.261142479422134,5.8126493
12.261142479422134,5.8126493
12.261142479422134,5.8126493
12.261142479422134,5.812649
12.261142479422134,5.8126493
12.261142479422134,5.8126497
12.261142479422134,5.8126493
12.261142479422134,5.8126497
12.261142479422134,5.8126497
12.261142479422134,5.8126497
12.261142479422134,5.8126497
12.261142479422134,5.8126497
12.261142479422134,5.8126497
12.261142479422134,5.8126493
12.261142479422134,5.81265
12.261142479422134,5.8126497
12.261142479422134,5.8126497
12.261142479422134,5.81265
12.261142479422134,5.81265
12.261142479422134,5.81265
12.261142479422134,5.81265
12.261142479422134,5.81265
12.261142479422134,5.81265
12.261142479422134,5.81265
12.261142479422134,5.81265
12.261142479422134,5.8126497
12.261142479422134,5.8126493
12.261142479422134,5.8126497
12.261142479422134,5.81265
12.261142479422134,5.8126497
12.261142479422134,5.8126493
12.261142479422134,5.8126507
12.261142479422134,5.812651
12.261142479422134,5.8126507
12.261142479422134,5.8126507
12.261142479422134,5.81265
12.261142479422134,5.81265
12.261142479422134,5.81265
12.261142479422134,5.8126507
12.261142479422134,5.8126497
12.261142479422134,5.81265
12.261142479422134,5.8126497
12.261142479422134,5.8126507
12.261142479422134,5.81265
12.261142479422134,5.81265
12.261142479422134,5.8126497
12.261142479422134,5.8126497
12.261142479422134,5.8126493
12.261142479422134,5.8126497
12.261142479422134,5.81265
12.261142479422134,5.8126497
12.261142479422134,5.81265
12.261142479422134,5.81265
12.261142479422134,5.81265
12.261142479422134,5.81265
12.261142479422134,5.81265
12.261142479422134,5.81265
12.261142479422134,5.81265
12.261142479422134,5.8126507
12.261142479422134,5.81265
12.261142479422134,5.8126497
12.261142479422134,5.8126497
12.261142479422134,5.8126493
12.261142479422134,5.8126493
12.261142479422134,5.8126493
12.261142479422134,5.812649
12.261142479422134,5.8126493
12.261142479422134,5.8126497
12.261142479422134,5.8126493
12.261142479422134,5.8126497
12.261142479422134,5.8126497
12.261142479422134,5.8126497
12.261142479422134,5.8126497
12.261142479422134,5.8126497
12.261142479422134,5.8126497
12.261142479422134,5.8126493
12.261142479422134,5.81265
12.261142479422134,5.8126497
12.261142479422134,5.8126497
12.261142479422134,5.81265
12.261142479422134,5.81265
12.261142479422134,5.81265
12.261142479422134,5.81265
12.261142479422134,5.81265
12.261142479422134,5.81265
12.261142479422134,5.81265
12.261142479422134,5.81265
12.261142479422134,5.8126497
12.261142479422134,5.8126493
12.261142479422134,5.8126497
12.261142479422134,5.81265
12.261142479422134,5.8126497
12.261142479422134,5.8126493
12.261142479422134,5.8126507
12.261142479422134,5.812651
12.261142479422134,5.8126507
12.261142479422134,5.8126507
12.261142479422134,5.81265
12.261142479422134,5.81265
12.261142479422134,5.81265
12.261142479422134,5.8126507
12.261142479422134,5.8126497
12.261142479422134,5.81265
12.261142479422134,5.8126497
12.261142479422134,5.8126507
12.261142479422134,5.81265
12.261142479422134,5.81265
12.261142479422134,5.8126497
12.261142479422134,5.8126497
12.261142479422134,5.8126493
12.261142479422134,5.8126497
12.261142479422134,5.81265
12.261142479422134,5.8126497
12.261142479422134,5.81265
12.261142479422134,5.81265
12.261142479422134,5.81265
12.261142479422134,5.81265
12.261142479422134,5.81265
12.261142479422134,5.81265
12.261142479422134,5.81265
12.261142479422134,5.8126507
12.261142479422134,5.81265
12.261142479422134,5.8126497
12.261142479422134,5.8126497
12.261142479422134,5.8126493
12.261142479422134,5.8126493
12.261142479422134,5.8126493
12.261142479422134,5.812649
12.261142479422134,5.8126493
12.261142479422134,5.8126497
12.261142479422134,5.8126493
12.261142479422134,5.8126497
12.261142479422134,5.8126497
12.261142479422134,5.8126497
12.261142479422134,5.8126497
12.261142479422134,5.8126497
12.261142479422134,5.8126497
12.261142479422134,5.8126493
12.261142479422134,5.81265
12.261142479422134,5.8126497
12.261142479422134,5.8126497
12.261142479422134,5.81265
12.261142479422134,5.81265
12.261142479422134,5.81265
12.261142479422134,5.81265
12.261142479422134,5.81265
12.261142479422134,5.81265
12.261142479422134,5.81265
12.261142479422134,5.81265
12.261142479422134,5.8126497
12.261142479422134,5.8126493
12.261142479422134,5.8126497
12.261142479422134,5.81265
12.261142479422134,5.8126497
12.261142479422134,5.8126493
12.261142479422134,5.8126507
12.261142479422134,5.812651
12.261142479422134,5.8126507
12.261142479422134,5.8126507
12.261142479422134,5.81265
12.261142479422134,5.81265
12.261142479422134,5.81265
12.261142479422134,5.8126507
12.261142479422134,5.8126497
12.261142479422134,5.81265
12.261142479422134,5.8126497
12.261142479422134,5.8126507
12.261142479422134,5.81265
12.261142479422134,5.81265
12.261142479422134,5.8126497
12.261142479422134,5.8126497
12.261142479422134,5.8126493
12.261142479422134,5.8126497
12.261142479422134,5.81265
12.261142479422134,5.8126497
12.261142479422134,5.81265
12.261142479422134,5.81265
12.261142479422134,5.81265
12.261142479422134,5.81265
12.261142479422134,5.81265
12.261142479422134,5.81265
12.261142479422134,5.81265
12.261142479422134,5.8126507
12.261142479422134,5.81265
12.261142479422134,5.8126497
12.261142479422134,5.8126497
12.261142479422134,5.8126493
12.261142479422134,5.8126493
12.261142479422134,5.8126493
12.261142479422134,5.812649
12.261142479422134,5.8126493
12.261142479422134,5.8126497
12.261142479422134,5.8126493
12.261142479422134,5.8126497
12.261142479422134,5.8126497
12.261142479422134,5.8126497
12.261142479422134,5.8126497
12.261142479422134,5.8126497
12.261142479422134,5.8126497
12.261142479422134,5.8126493
12.261142479422134,5.81265
12.261142479422134,5.8126497
12.261142479422134,5.8126497
12.261142479422134,5.81265
12.261142479422134,5.81265
12.261142479422134,5.81265
12.261142479422134,5.81265
12.261142479422134,5.81265
12.261142479422134,5.81265
12.261142479422134,5.81265
12.261142479422134,5.81265
12.261142479422134,5.8126497
12.261142479422134,5.8126493
12.261142479422134,5.8126497
12.261142479422134,5.81265
12.261142479422134,5.8126497
12.261142479422134,5.8126493
12.261142479422134,5.8126507
12.261142479422134,5.812651
12.261142479422134,5.8126507
12.261142479422134,5.8126507
12.261142479422134,5.81265
12.261142479422134,5.81265
12.261142479422134,5.81265
12.261142479422134,5.8126507
12.261142479422134,5.8126497
12.261142479422134,5.81265
12.261142479422134,5.8126497
12.261142479422134,5.8126507
12.261142479422134,5.81265
12.261142479422134,5.81265
12.261142479422134,5.8126497
12.261142479422134,5.8126497
12.261142479422134,5.8126493
12.261142479422134,5.8126497
12.261142479422134,5.81265
12.261142479422134,5.8126497
12.261142479422134,5.81265
12.261142479422134,5.81265
12.261142479422134,5.81265
12.261142479422134,5.81265
12.261142479422134,5.81265
12.261142479422134,5.81265
12.261142479422134,5.81265
12.261142479422134,5.8126507
12.261142479422134,5.81265
12.261142479422134,5.8126497
12.261142479422134,5.8126497
12.261142479422134,5.8126493
12.261142479422134,5.8126493
12.261142479422134,5.8126493
12.261142479422134,5.812649
12.261142479422134,5.8126493
12.261142479422134,5.8126497
12.261142479422134,5.8126493
12.261142479422134,5.8126497
12.261142479422134,5.8126497
12.261142479422134,5.8126497
12.261142479422134,5.8126497
12.261142479422134,5.8126497
12.261142479422134,5.8126497
12.261142479422134,5.8126493
12.261142479422134,5.81265
12.261142479422134,5.8126497
12.261142479422134,5.8126497
12.261142479422134,5.81265
12.261142479422134,5.81265
12.261142479422134,5.81265
12.261142479422134,5.81265
12.261142479422134,5.81265
12.261142479422134,5.81265
12.261142479422134,5.81265
12.261142479422134,5.81265
12.261142479422134,5.8126497
12.261142479422134,5.8126493
12.261142479422134,5.8126497
12.261142479422134,5.81265
12.261142479422134,5.8126497
12.261142479422134,5.8126493
12.261142479422134,5.8126507
12.261142479422134,5.812651
12.261142479422134,5.8126507
12.261142479422134,5.8126507
12.261142479422134,5.81265
12.261142479422134,5.81265
12.261142479422134,5.81265
12.261142479422134,5.8126507
12.261142479422134,5.8126497
12.261142479422134,5.81265
12.261142479422134,5.8126497
12.261142479422134,5.8126507
12.261142479422134,5.81265
12.261142479422134,5.81265
12.261142479422134,5.8126497
12.261142479422134,5.8126497
12.261142479422134,5.8126493
12.261142479422134,5.8126497
12.261142479422134,5.81265
12.261142479422134,5.8126497
12.261142479422134,5.81265
12.261142479422134,5.81265
12.261142479422134,5.81265
12.261142479422134,5.81265
12.261142479422134,5.81265
12.261142479422134,5.81265
12.261142479422134,5.81265
12.261142479422134,5.8126507
12.261142479422134,5.81265
12.261142479422134,5.8126497
12.261142479422134,5.8126497
12.261142479422134,5.8126493
12.261142479422134,5.8126493
12.261142479422134,5.8126493
12.261142479422134,5.812649
12.261142479422134,5.8126493
12.261142479422134,5.8126497
12.261142479422134,5.8126493
12.261142479422134,5.8126497
12.261142479422134,5.8126497
12.261142479422134,5.8126497
12.261142479422134,5.8126497
12.261142479422134,5.8126497
12.261142479422134,5.8126497
12.261142479422134,5.8126493
12.261142479422134,5.81265
12.261142479422134,5.8126497
12.261142479422134,5.8126497
12.261142479422134,5.81265
12.261142479422134,5.81265
12.261142479422134,5.81265
12.261142479422134,5.81265
12.261142479422134,5.81265
12.261142479422134,5.81265
12.261142479422134,5.81265
12.261142479422134,5.81265
12.261142479422134,5.8126497
12.261142479422134,5.8126493
12.261142479422134,5.8126497
12.261142479422134,5.81265
12.261142479422134,5.8126497
12.261142479422134,5.8126493
12.261142479422134,5.8126507
12.261142479422134,5.812651
12.261142479422134,5.8126507
12.261142479422134,5.8126507
12.261142479422134,5.81265
12.261142479422134,5.81265
12.261142479422134,5.81265
12.261142479422134,5.8126507
12.261142479422134,5.8126497
12.261142479422134,5.81265
12.261142479422134,5.8126497
12.261142479422134,5.8126507
12.261142479422134,5.81265
12.261142479422134,5.81265
12.261142479422134,5.8126497
12.261142479422134,5.8126497
12.261142479422134,5.8126493
12.261142479422134,5.8126497
12.261142479422134,5.81265
12.261142479422134,5.8126497
12.261142479422134,5.81265
12.261142479422134,5.81265
12.261142479422134,5.81265
12.261142479422134,5.81265
12.261142479422134,5.81265
12.261142479422134,5.81265
12.261142479422134,5.81265
12.261142479422134,5.8126507
12.261142479422134,5.81265
12.261142479422134,5.8126497
12.261142479422134,5.8126497
12.261142479422134,5.8126493
12.261142479422134,5.8126493
12.261142479422134,5.8126493
12.261142479422134,5.812649
12.261142479422134,5.8126493
12.261142479422134,5.8126497
12.261142479422134,5.8126493
12.261142479422134,5.8126497
12.261142479422134,5.8126497
12.261142479422134,5.8126497
12.261142479422134,5.8126497
12.261142479422134,5.8126497
12.261142479422134,5.8126497
12.261142479422134,5.8126493
12.261142479422134,5.81265
12.261142479422134,5.8126497
12.261142479422134,5.8126497
12.261142479422134,5.81265
12.261142479422134,5.81265
12.261142479422134,5.81265
12.261142479422134,5.81265
12.261142479422134,5.81265
12.261142479422134,5.81265
12.261142479422134,5.81265
12.261142479422134,5.81265
12.261142479422134,5.8126497
12.261142479422134,5.8126493
12.261142479422134,5.8126497
12.261142479422134,5.81265
12.261142479422134,5.8126497
12.261142479422134,5.8126493
12.261142479422134,5.8126507
12.261142479422134,5.812651
12.261142479422134,5.8126507
12.261142479422134,5.8126507
12.261142479422134,5.81265
12.261142479422134,5.81265
12.261142479422134,5.81265
12.261142479422134,5.8126507
12.261142479422134,5.8126497
12.261142479422134,5.81265
12.261142479422134,5.8126497
12.261142479422134,5.8126507
12.261142479422134,5.81265
12.261142479422134,5.81265
12.261142479422134,5.8126497
12.261142479422134,5.8126497
12.261142479422134,5.8126493
12.261142479422134,5.8126497
12.261142479422134,5.81265
12.261142479422134,5.8126497
12.261142479422134,5.81265
12.261142479422134,5.81265
12.261142479422134,5.81265
12.261142479422134,5.81265
12.261142479422134,5.81265
12.261142479422134,5.81265
12.261142479422134,5.81265
12.261142479422134,5.8126507
12.261142479422134,5.81265
12.261142479422134,5.8126497
12.261142479422134,5.8126497
12.261142479422134,5.8126493
12.261142479422134,5.8126493
12.261142479422134,5.8126493
12.261142479422134,5.812649
12.261142479422134,5.8126493
12.261142479422134,5.8126497
12.261142479422134,5.8126493
12.261142479422134,5.8126497
12.261142479422134,5.8126497
12.261142479422134,5.8126497
12.261142479422134,5.8126497
12.261142479422134,5.8126497
12.261142479422134,5.8126497
12.261142479422134,5.8126493
12.261142479422134,5.81265
12.261142479422134,5.8126497
12.261142479422134,5.8126497
12.261142479422134,5.81265
12.261142479422134,5.81265
12.261142479422134,5.81265
12.261142479422134,5.81265
12.261142479422134,5.81265
12.261142479422134,5.81265
12.261142479422134,5.81265
12.261142479422134,5.81265
12.261142479422134,5.8126497
12.261142479422134,5.8126493
12.261142479422134,5.8126497
12.261142479422134,5.81265
12.261142479422134,5.8126497
12.261142479422134,5.8126493
12.261142479422134,5.8126507
12.261142479422134,5.812651
12.261142479422134,5.8126507
12.261142479422134,5.8126507
12.261142479422134,5.81265
12.261142479422134,5.81265
12.261142479422134,5.81265
12.261142479422134,5.8126507
12.261142479422134,5.8126497
12.261142479422134,5.81265
12.261142479422134,5.8126497
12.261142479422134,5.8126507
12.261142479422134,5.81265
12.261142479422134,5.81265
12.261142479422134,5.8126497
12.261142479422134,5.8126497
12.261142479422134,5.8126493
12.261142479422134,5.8126497
12.261142479422134,5.81265
12.261142479422134,5.8126497
12.261142479422134,5.81265
12.261142479422134,5.81265
12.261142479422134,5.81265
12.261142479422134,5.81265
12.261142479422134,5.81265
12.261142479422134,5.81265
12.261142479422134,5.81265
12.261142479422134,5.8126507
12.261142479422134,5.81265
12.261142479422134,5.8126497
12.261142479422134,5.8126497
12.261142479422134,5.8126493
12.261142479422134,5.8126493
12.261142479422134,5.8126493
12.261142479422134,5.812649
12.261142479422134,5.8126493
12.261142479422134,5.8126497
12.261142479422134,5.8126493
12.261142479422134,5.8126497
12.261142479422134,5.8126497
12.261142479422134,5.8126497
12.261142479422134,5.8126497
12.261142479422134,5.8126497
12.261142479422134,5.8126497
12.261142479422134,5.8126493
12.261142479422134,5.81265
12.261142479422134,5.8126497
12.261142479422134,5.8126497
12.261142479422134,5.81265
12.261142479422134,5.81265
12.261142479422134,5.81265
12.261142479422134,5.81265
12.261142479422134,5.81265
12.261142479422134,5.81265
12.261142479422134,5.81265
12.261142479422134,5.81265
12.261142479422134,5.8126497
12.261142479422134,5.8126493
12.261142479422134,5.8126497
12.261142479422134,5.81265
12.261142479422134,5.8126497
12.261142479422134,5.8126493
12.261142479422134,5.8126507
12.261142479422134,5.812651
12.261142479422134,5.8126507
12.261142479422134,5.8126507
12.261142479422134,5.81265
12.261142479422134,5.81265
12.261142479422134,5.81265
12.261142479422134,5.8126507
12.261142479422134,5.8126497
12.261142479422134,5.81265
12.261142479422134,5.8126497
12.261142479422134,5.8126507
12.261142479422134,5.81265
12.261142479422134,5.81265
12.261142479422134,5.8126497
12.261142479422134,5.8126497
12.261142479422134,5.8126493
12.261142479422134,5.8126497
12.261142479422134,5.81265
12.261142479422134,5.8126497
12.261142479422134,5.81265
12.261142479422134,5.81265
12.261142479422134,5.81265
12.261142479422134,5.81265
12.261142479422134,5.81265
12.261142479422134,5.81265
12.261142479422134,5.81265
12.261142479422134,5.8126507
12.261142479422134,5.81265
12.261142479422134,5.8126497
12.261142479422134,5.8126497
12.261142479422134,5.8126493
12.261142479422134,5.8126493
12.261142479422134,5.8126493
12.261142479422134,5.812649
12.261142479422134,5.8126493
12.261142479422134,5.8126497
12.261142479422134,5.8126493
12.261142479422134,5.8126497
12.261142479422134,5.8126497
12.261142479422134,5.8126497
12.261142479422134,5.8126497
12.261142479422134,5.8126497
12.261142479422134,5.8126497
12.261142479422134,5.8126493
12.261142479422134,5.81265
12.261142479422134,5.8126497
12.261142479422134,5.8126497
12.261142479422134,5.81265
12.261142479422134,5.81265
12.261142479422134,5.81265
12.261142479422134,5.81265
12.261142479422134,5.81265
12.261142479422134,5.81265
12.261142479422134,5.81265
12.261142479422134,5.81265
12.261142479422134,5.8126497
12.261142479422134,5.8126493
12.261142479422134,5.8126497
12.261142479422134,5.81265
12.261142479422134,5.8126497
12.261142479422134,5.8126493
12.261142479422134,5.8126507
12.261142479422134,5.812651
12.261142479422134,5.8126507
12.261142479422134,5.8126507
12.261142479422134,5.81265
12.261142479422134,5.81265
12.261142479422134,5.81265
12.261142479422134,5.8126507
12.261142479422134,5.8126497
12.261142479422134,5.81265
12.261142479422134,5.8126497
12.261142479422134,5.8126507
12.261142479422134,5.81265
12.261142479422134,5.81265
12.261142479422134,5.8126497
12.261142479422134,5.8126497
12.261142479422134,5.8126493
12.261142479422134,5.8126497
12.261142479422134,5.81265
12.261142479422134,5.8126497
12.261142479422134,5.81265
12.261142479422134,5.81265
12.261142479422134,5.81265
12.261142479422134,5.81265
12.261142479422134,5.81265
12.261142479422134,5.81265
12.261142479422134,5.81265
12.261142479422134,5.8126507
12.261142479422134,5.81265
12.261142479422134,5.8126497
12.261142479422134,5.8126497
12.261142479422134,5.8126493
12.261142479422134,5.8126493
12.261142479422134,5.8126493
12.261142479422134,5.812649
12.261142479422134,5.8126493
12.261142479422134,5.8126497
12.261142479422134,5.8126493
12.261142479422134,5.8126497
12.261142479422134,5.8126497
12.261142479422134,5.8126497
12.261142479422134,5.8126497
12.261142479422134,5.8126497
12.261142479422134,5.8126497
12.261142479422134,5.8126493
12.261142479422134,5.81265
12.261142479422134,5.8126497
12.261142479422134,5.8126497
12.261142479422134,5.81265
12.261142479422134,5.81265
12.261142479422134,5.81265
12.261142479422134,5.81265
12.261142479422134,5.81265
12.261142479422134,5.81265
12.261142479422134,5.81265
12.261142479422134,5.81265
12.261142479422134,5.8126497
12.261142479422134,5.8126493
12.261142479422134,5.8126497
12.261142479422134,5.81265
12.261142479422134,5.8126497
12.261142479422134,5.8126493
12.261142479422134,5.8126507
12.261142479422134,5.812651
12.261142479422134,5.8126507
12.261142479422134,5.8126507
12.261142479422134,5.81265
12.261142479422134,5.81265
12.261142479422134,5.81265
12.261142479422134,5.8126507
12.261142479422134,5.8126497
12.261142479422134,5.81265
12.261142479422134,5.8126497
12.261142479422134,5.8126507
12.261142479422134,5.81265
12.261142479422134,5.81265
12.261142479422134,5.8126497
12.261142479422134,5.8126497
12.261142479422134,5.8126493
12.261142479422134,5.8126497
12.261142479422134,5.81265
12.261142479422134,5.8126497
12.261142479422134,5.81265
12.261142479422134,5.81265
12.261142479422134,5.81265
12.261142479422134,5.81265
12.261142479422134,5.81265
12.261142479422134,5.81265
12.261142479422134,5.81265
12.261142479422134,5.8126507
12.261142479422134,5.81265
12.261142479422134,5.8126497
12.261142479422134,5.8126497
12.261142479422134,5.8126493
12.261142479422134,5.8126493
12.261142479422134,5.8126493
12.261142479422134,5.812649
12.261142479422134,5.8126493
12.261142479422134,5.8126497
12.261142479422134,5.8126493
12.261142479422134,5.8126497
12.261142479422134,5.8126497
12.261142479422134,5.8126497
12.261142479422134,5.8126497
12.261142479422134,5.8126497
12.261142479422134,5.8126497
12.261142479422134,5.8126493
12.261142479422134,5.81265
12.261142479422134,5.8126497
12.261142479422134,5.8126497
12.261142479422134,5.81265
12.261142479422134,5.81265
12.261142479422134,5.81265
12.261142479422134,5.81265
12.261142479422134,5.81265
12.261142479422134,5.81265
12.261142479422134,5.81265
12.261142479422134,5.81265
12.261142479422134,5.8126497
12.261142479422134,5.8126493
12.261142479422134,5.8126497
12.261142479422134,5.81265
12.261142479422134,5.8126497
12.261142479422134,5.8126493
12.261142479422134,5.8126507
12.261142479422134,5.812651
12.261142479422134,5.8126507
12.261142479422134,5.8126507
12.261142479422134,5.81265
12.261142479422134,5.81265
12.261142479422134,5.81265
12.261142479422134,5.8126507
12.261142479422134,5.8126497
12.261142479422134,5.81265
12.261142479422134,5.8126497
12.261142479422134,5.8126507
12.261142479422134,5.81265
12.261142479422134,5.81265
12.261142479422134,5.8126497
12.261142479422134,5.8126497
12.261142479422134,5.8126493
12.261142479422134,5.8126497
12.261142479422134,5.81265
12.261142479422134,5.8126497
12.261142479422134,5.81265
12.261142479422134,5.81265
12.261142479422134,5.81265
12.261142479422134,5.81265
12.261142479422134,5.81265
12.261142479422134,5.81265
12.261142479422134,5.81265
12.261142479422134,5.8126507
12.261142479422134,5.81265
12.261142479422134,5.8126497
12.261142479422134,5.8126497
12.261142479422134,5.8126493
12.261142479422134,5.8126493
12.261142479422134,5.8126493
12.261142479422134,5.812649
12.261142479422134,5.8126493
12.261142479422134,5.8126497
12.261142479422134,5.8126493
12.261142479422134,5.8126497
12.261142479422134,5.8126497
12.261142479422134,5.8126497
12.261142479422134,5.8126497
12.261142479422134,5.8126497
12.261142479422134,5.8126497
12.261142479422134,5.8126493
12.261142479422134,5.81265
12.261142479422134,5.8126497
12.261142479422134,5.8126497
12.261142479422134,5.81265
12.261142479422134,5.81265
12.261142479422134,5.81265
12.261142479422134,5.81265
12.261142479422134,5.81265
12.261142479422134,5.81265
12.261142479422134,5.81265
12.261142479422134,5.81265
12.261142479422134,5.8126497
12.261142479422134,5.8126493
12.261142479422134,5.8126497
12.261142479422134,5.81265
12.261142479422134,5.8126497
12.261142479422134,5.8126493
12.261142479422134,5.8126507
12.261142479422134,5.812651
12.261142479422134,5.8126507
12.261142479422134,5.8126507
12.261142479422134,5.81265
12.261142479422134,5.81265
12.261142479422134,5.81265
12.261142479422134,5.8126507
12.261142479422134,5.8126497
12.261142479422134,5.81265
12.261142479422134,5.8126497
12.261142479422134,5.8126507
12.261142479422134,5.81265
12.261142479422134,5.81265
12.261142479422134,5.8126497
12.261142479422134,5.8126497
12.261142479422134,5.8126493
12.261142479422134,5.8126497
12.261142479422134,5.81265
12.261142479422134,5.8126497
12.261142479422134,5.81265
12.261142479422134,5.81265
12.261142479422134,5.81265
12.261142479422134,5.81265
12.261142479422134,5.81265
12.261142479422134,5.81265
12.261142479422134,5.81265
12.261142479422134,5.8126507
12.261142479422134,5.81265
12.261142479422134,5.8126497
12.261142479422134,5.8126497
12.261142479422134,5.8126493
12.261142479422134,5.8126493
12.261142479422134,5.8126493
12.261142479422134,5.812649
12.261142479422134,5.8126493
12.261142479422134,5.8126497
12.261142479422134,5.8126493
12.261142479422134,5.8126497
12.261142479422134,5.8126497
12.261142479422134,5.8126497
12.261142479422134,5.8126497
12.261142479422134,5.8126497
12.261142479422134,5.8126497
12.261142479422134,5.8126493
12.261142479422134,5.81265
12.261142479422134,5.8126497
12.261142479422134,5.8126497
12.261142479422134,5.81265
12.261142479422134,5.81265
12.261142479422134,5.81265
12.261142479422134,5.81265
12.261142479422134,5.81265
12.261142479422134,5.81265
12.261142479422134,5.81265
12.261142479422134,5.81265
12.261142479422134,5.8126497
12.261142479422134,5.8126493
12.261142479422134,5.8126497
12.261142479422134,5.81265
12.261142479422134,5.8126497
12.261142479422134,5.8126493
12.261142479422134,5.8126507
12.261142479422134,5.812651
12.261142479422134,5.8126507
12.261142479422134,5.8126507
12.261142479422134,5.81265
12.261142479422134,5.81265
12.261142479422134,5.81265
12.261142479422134,5.8126507
12.261142479422134,5.8126497
12.261142479422134,5.81265
12.261142479422134,5.8126497
12.261142479422134,5.8126507
12.261142479422134,5.81265
12.261142479422134,5.81265
12.261142479422134,5.8126497
12.261142479422134,5.8126497
12.261142479422134,5.8126493
12.261142479422134,5.8126497
12.261142479422134,5.81265
12.261142479422134,5.8126497
12.261142479422134,5.81265
12.261142479422134,5.81265
12.261142479422134,5.81265
12.261142479422134,5.81265
12.261142479422134,5.81265
12.261142479422134,5.81265
12.261142479422134,5.81265
12.261142479422134,5.8126507
12.261142479422134,5.81265
12.261142479422134,5.8126497
12.261142479422134,5.8126497
12.261142479422134,5.8126493
12.261142479422134,5.8126493
12.261142479422134,5.8126493
12.261142479422134,5.812649
12.261142479422134,5.8126493
12.261142479422134,5.8126497
12.261142479422134,5.8126493
12.261142479422134,5.8126497
12.261142479422134,5.8126497
12.261142479422134,5.8126497
12.261142479422134,5.8126497
12.261142479422134,5.8126497
12.261142479422134,5.8126497
12.261142479422134,5.8126493
12.261142479422134,5.81265
12.261142479422134,5.8126497
12.261142479422134,5.8126497
12.261142479422134,5.81265
12.261142479422134,5.81265
12.261142479422134,5.81265
12.261142479422134,5.81265
12.261142479422134,5.81265
12.261142479422134,5.81265
12.261142479422134,5.81265
12.261142479422134,5.81265
12.261142479422134,5.8126497
12.261142479422134,5.8126493
12.261142479422134,5.8126497
12.261142479422134,5.81265
12.261142479422134,5.8126497
12.261142479422134,5.8126493
12.261142479422134,5.8126507
12.261142479422134,5.812651
12.261142479422134,5.8126507
12.261142479422134,5.8126507
12.261142479422134,5.81265
12.261142479422134,5.81265
12.261142479422134,5.81265
12.261142479422134,5.8126507
12.261142479422134,5.8126497
12.261142479422134,5.81265
12.261142479422134,5.8126497
12.261142479422134,5.8126507
12.261142479422134,5.81265
12.261142479422134,5.81265
12.261142479422134,5.8126497
12.261142479422134,5.8126497
12.261142479422134,5.8126493
12.261142479422134,5.8126497
12.261142479422134,5.81265
12.261142479422134,5.8126497
12.261142479422134,5.81265
12.261142479422134,5.81265
12.261142479422134,5.81265
12.261142479422134,5.81265
12.261142479422134,5.81265
12.261142479422134,5.81265
12.261142479422134,5.81265
12.261142479422134,5.8126507
12.261142479422134,5.81265
12.261142479422134,5.8126497
12.261142479422134,5.8126497
12.261142479422134,5.8126493
12.261142479422134,5.8126493
12.261142479422134,5.8126493
12.261142479422134,5.812649
12.261142479422134,5.8126493
12.261142479422134,5.8126497
12.261142479422134,5.8126493
12.261142479422134,5.8126497
12.261142479422134,5.8126497
12.261142479422134,5.8126497
12.261142479422134,5.8126497
12.261142479422134,5.8126497
12.261142479422134,5.8126497
12.261142479422134,5.8126493
12.261142479422134,5.81265
12.261142479422134,5.8126497
12.261142479422134,5.8126497
12.261142479422134,5.81265
12.261142479422134,5.81265
12.261142479422134,5.81265
12.261142479422134,5.81265
12.261142479422134,5.81265
12.261142479422134,5.81265
12.261142479422134,5.81265
12.261142479422134,5.81265
12.261142479422134,5.8126497
12.261142479422134,5.8126493
12.261142479422134,5.8126497
12.261142479422134,5.81265
12.261142479422134,5.8126497
12.261142479422134,5.8126493
12.261142479422134,5.8126507
12.261142479422134,5.812651
12.261142479422134,5.8126507
12.261142479422134,5.8126507
12.261142479422134,5.81265
12.261142479422134,5.81265
12.261142479422134,5.81265
12.261142479422134,5.8126507
12.261142479422134,5.8126497
12.261142479422134,5.81265
12.261142479422134,5.8126497
12.261142479422134,5.8126507
12.261142479422134,5.81265
12.261142479422134,5.81265
12.261142479422134,5.8126497
12.261142479422134,5.8126497
12.261142479422134,5.8126493
12.261142479422134,5.8126497
12.261142479422134,5.81265
12.261142479422134,5.8126497
12.261142479422134,5.81265
12.261142479422134,5.81265
12.261142479422134,5.81265
12.261142479422134,5.81265
12.261142479422134,5.81265
12.261142479422134,5.81265
12.261142479422134,5.81265
12.261142479422134,5.8126507
12.261142479422134,5.81265
12.261142479422134,5.8126497
12.261142479422134,5.8126497
12.261142479422134,5.8126493
12.261142479422134,5.8126493
12.261142479422134,5.8126493
12.261142479422134,5.812649
12.261142479422134,5.8126493
12.261142479422134,5.8126497
12.261142479422134,5.8126493
12.261142479422134,5.8126497
12.261142479422134,5.8126497
12.261142479422134,5.8126497
12.261142479422134,5.8126497
12.261142479422134,5.8126497
12.261142479422134,5.8126497
12.261142479422134,5.8126493
12.261142479422134,5.81265
12.261142479422134,5.8126497
12.261142479422134,5.8126497
12.261142479422134,5.81265
12.261142479422134,5.81265
12.261142479422134,5.81265
12.261142479422134,5.81265
12.261142479422134,5.81265
12.261142479422134,5.81265
12.261142479422134,5.81265
12.261142479422134,5.81265
12.261142479422134,5.8126497
12.261142479422134,5.8126493
12.261142479422134,5.8126497
12.261142479422134,5.81265
12.261142479422134,5.8126497
12.261142479422134,5.8126493
12.261142479422134,5.8126507
12.261142479422134,5.812651
12.261142479422134,5.8126507
12.261142479422134,5.8126507
12.261142479422134,5.81265
12.261142479422134,5.81265
12.261142479422134,5.81265
12.261142479422134,5.8126507
12.261142479422134,5.8126497
12.261142479422134,5.81265
12.261142479422134,5.8126497
12.261142479422134,5.8126507
12.261142479422134,5.81265
12.261142479422134,5.81265
12.261142479422134,5.8126497
12.261142479422134,5.8126497
12.261142479422134,5.8126493
12.261142479422134,5.8126497
12.261142479422134,5.81265
12.261142479422134,5.8126497
12.261142479422134,5.81265
12.261142479422134,5.81265
12.261142479422134,5.81265
12.261142479422134,5.81265
12.261142479422134,5.81265
12.261142479422134,5.81265
12.261142479422134,5.81265
12.261142479422134,5.8126507
12.261142479422134,5.81265
12.261142479422134,5.8126497
12.261142479422134,5.8126497
12.261142479422134,5.8126493
12.261142479422134,5.8126493
12.261142479422134,5.8126493
12.261142479422134,5.812649
12.261142479422134,5.8126493
12.261142479422134,5.8126497
12.261142479422134,5.8126493
12.261142479422134,5.8126497
12.261142479422134,5.8126497
12.261142479422134,5.8126497
12.261142479422134,5.8126497
12.261142479422134,5.8126497
12.261142479422134,5.8126497
12.261142479422134,5.8126493
12.261142479422134,5.81265
12.261142479422134,5.8126497
12.261142479422134,5.8126497
12.261142479422134,5.81265
12.261142479422134,5.81265
12.261142479422134,5.81265
12.261142479422134,5.81265
12.261142479422134,5.81265
12.261142479422134,5.81265
12.261142479422134,5.81265
12.261142479422134,5.81265
12.261142479422134,5.8126497
12.261142479422134,5.8126493
12.261142479422134,5.8126497
12.261142479422134,5.81265
12.261142479422134,5.8126497
12.261142479422134,5.8126493
12.261142479422134,5.8126507
12.261142479422134,5.812651
12.261142479422134,5.8126507
12.261142479422134,5.8126507
12.261142479422134,5.81265
12.261142479422134,5.81265
12.261142479422134,5.81265
12.261142479422134,5.8126507
12.261142479422134,5.8126497
12.261142479422134,5.81265
12.261142479422134,5.8126497
12.261142479422134,5.8126507
12.261142479422134,5.81265
12.261142479422134,5.81265
12.261142479422134,5.8126497
12.261142479422134,5.8126497
12.261142479422134,5.8126493
12.261142479422134,5.8126497
12.261142479422134,5.81265
12.261142479422134,5.8126497
12.261142479422134,5.81265
12.261142479422134,5.81265
12.261142479422134,5.81265
12.261142479422134,5.81265
12.261142479422134,5.81265
12.261142479422134,5.81265
12.261142479422134,5.81265
12.261142479422134,5.8126507
12.261142479422134,5.81265
12.261142479422134,5.8126497
12.261142479422134,5.8126497
12.261142479422134,5.8126493
12.261142479422134,5.8126493
12.261142479422134,5.8126493
12.261142479422134,5.812649
12.261142479422134,5.8126493
12.261142479422134,5.8126497
12.261142479422134,5.8126493
12.261142479422134,5.8126497
12.261142479422134,5.8126497
12.261142479422134,5.8126497
12.261142479422134,5.8126497
12.261142479422134,5.8126497
12.261142479422134,5.8126497
12.261142479422134,5.8126493
12.261142479422134,5.81265
12.261142479422134,5.8126497
12.261142479422134,5.8126497
12.261142479422134,5.81265
12.261142479422134,5.81265
12.261142479422134,5.81265
12.261142479422134,5.81265
12.261142479422134,5.81265
12.261142479422134,5.81265
12.261142479422134,5.81265
12.261142479422134,5.81265
12.261142479422134,5.8126497
12.261142479422134,5.8126493
12.261142479422134,5.8126497
12.261142479422134,5.81265
12.261142479422134,5.8126497
12.261142479422134,5.8126493
12.261142479422134,5.8126507
12.261142479422134,5.812651
12.261142479422134,5.8126507
12.261142479422134,5.8126507
12.261142479422134,5.81265
12.261142479422134,5.81265
12.261142479422134,5.81265
12.261142479422134,5.8126507
12.261142479422134,5.8126497
12.261142479422134,5.81265
12.261142479422134,5.8126497
12.261142479422134,5.8126507
12.261142479422134,5.81265
12.261142479422134,5.81265
12.261142479422134,5.8126497
12.261142479422134,5.8126497
12.261142479422134,5.8126493
12.261142479422134,5.8126497
12.261142479422134,5.81265
12.261142479422134,5.8126497
12.261142479422134,5.81265
12.261142479422134,5.81265
12.261142479422134,5.81265
12.261142479422134,5.81265
12.261142479422134,5.81265
12.261142479422134,5.81265
12.261142479422134,5.81265
12.261142479422134,5.8126507
12.261142479422134,5.81265
12.261142479422134,5.8126497
12.261142479422134,5.8126497
12.261142479422134,5.8126493
12.261142479422134,5.8126493
12.261142479422134,5.8126493
12.261142479422134,5.812649
12.261142479422134,5.8126493
12.261142479422134,5.8126497
12.261142479422134,5.8126493
12.261142479422134,5.8126497
12.261142479422134,5.8126497
12.261142479422134,5.8126497
12.261142479422134,5.8126497
12.261142479422134,5.8126497
12.261142479422134,5.8126497
12.261142479422134,5.8126493
12.261142479422134,5.81265
12.261142479422134,5.8126497
12.261142479422134,5.8126497
12.261142479422134,5.81265
12.261142479422134,5.81265
12.261142479422134,5.81265
12.261142479422134,5.81265
12.261142479422134,5.81265
12.261142479422134,5.81265
12.261142479422134,5.81265
12.261142479422134,5.81265
12.261142479422134,5.8126497
12.261142479422134,5.8126493
12.261142479422134,5.8126497
12.261142479422134,5.81265
12.261142479422134,5.8126497
12.261142479422134,5.8126493
12.261142479422134,5.8126507
12.261142479422134,5.812651
12.261142479422134,5.8126507
12.261142479422134,5.8126507
12.261142479422134,5.81265
12.261142479422134,5.81265
12.261142479422134,5.81265
12.261142479422134,5.8126507
12.261142479422134,5.8126497
12.261142479422134,5.81265
12.261142479422134,5.8126497
12.261142479422134,5.8126507
12.261142479422134,5.81265
12.261142479422134,5.81265
12.261142479422134,5.8126497
12.261142479422134,5.8126497
12.261142479422134,5.8126493
12.261142479422134,5.8126497
12.261142479422134,5.81265
12.261142479422134,5.8126497
12.261142479422134,5.81265
12.261142479422134,5.81265
12.261142479422134,5.81265
12.261142479422134,5.81265
12.261142479422134,5.81265
12.261142479422134,5.81265
12.261142479422134,5.81265
12.261142479422134,5.8126507
12.261142479422134,5.81265
12.261142479422134,5.8126497
12.261142479422134,5.8126497
12.261142479422134,5.8126493
12.261142479422134,5.8126493
12.261142479422134,5.8126493
12.261142479422134,5.812649
12.261142479422134,5.8126493
12.261142479422134,5.8126497
12.261142479422134,5.8126493
12.261142479422134,5.8126497
12.261142479422134,5.8126497
12.261142479422134,5.8126497
12.261142479422134,5.8126497
12.261142479422134,5.8126497
12.261142479422134,5.8126497
12.261142479422134,5.8126493
12.261142479422134,5.81265
12.261142479422134,5.8126497
12.261142479422134,5.8126497
12.261142479422134,5.81265
12.261142479422134,5.81265
12.261142479422134,5.81265
12.261142479422134,5.81265
12.261142479422134,5.81265
12.261142479422134,5.81265
12.261142479422134,5.81265
12.261142479422134,5.81265
12.261142479422134,5.8126497
12.261142479422134,5.8126493
12.261142479422134,5.8126497
12.261142479422134,5.81265
12.261142479422134,5.8126497
12.261142479422134,5.8126493
12.261142479422134,5.8126507
12.261142479422134,5.812651
12.261142479422134,5.8126507
12.261142479422134,5.8126507
12.261142479422134,5.81265
12.261142479422134,5.81265
12.261142479422134,5.81265
12.261142479422134,5.8126507
12.261142479422134,5.8126497
12.261142479422134,5.81265
12.261142479422134,5.8126497
12.261142479422134,5.8126507
12.261142479422134,5.81265
12.261142479422134,5.81265
12.261142479422134,5.8126497
12.261142479422134,5.8126497
12.261142479422134,5.8126493
12.261142479422134,5.8126497
12.261142479422134,5.81265
12.261142479422134,5.8126497
12.261142479422134,5.81265
12.261142479422134,5.81265
12.261142479422134,5.81265
12.261142479422134,5.81265
12.261142479422134,5.81265
12.261142479422134,5.81265
12.261142479422134,5.81265
12.261142479422134,5.8126507
12.261142479422134,5.81265
12.261142479422134,5.8126497
12.261142479422134,5.8126497
12.261142479422134,5.8126493
12.261142479422134,5.8126493
12.261142479422134,5.8126493
12.261142479422134,5.812649
12.261142479422134,5.8126493
12.261142479422134,5.8126497
12.261142479422134,5.8126493
12.261142479422134,5.8126497
12.261142479422134,5.8126497
12.261142479422134,5.8126497
12.261142479422134,5.8126497
12.261142479422134,5.8126497
12.261142479422134,5.8126497
12.261142479422134,5.8126493
12.261142479422134,5.81265
12.261142479422134,5.8126497
12.261142479422134,5.8126497
12.261142479422134,5.81265
12.261142479422134,5.81265
12.261142479422134,5.81265
12.261142479422134,5.81265
12.261142479422134,5.81265
12.261142479422134,5.81265
12.261142479422134,5.81265
12.261142479422134,5.81265
12.261142479422134,5.8126497
12.261142479422134,5.8126493
12.261142479422134,5.8126497
12.261142479422134,5.81265
12.261142479422134,5.8126497
12.261142479422134,5.8126493
12.261142479422134,5.8126507
12.261142479422134,5.812651
12.261142479422134,5.8126507
12.261142479422134,5.8126507
12.261142479422134,5.81265
12.261142479422134,5.81265
12.261142479422134,5.81265
12.261142479422134,5.8126507
12.261142479422134,5.8126497
12.261142479422134,5.81265
12.261142479422134,5.8126497
12.261142479422134,5.8126507
12.261142479422134,5.81265
12.261142479422134,5.81265
12.261142479422134,5.8126497
12.261142479422134,5.8126497
12.261142479422134,5.8126493
12.261142479422134,5.8126497
12.261142479422134,5.81265
12.261142479422134,5.8126497
12.261142479422134,5.81265
12.261142479422134,5.81265
12.261142479422134,5.81265
12.261142479422134,5.81265
12.261142479422134,5.81265
12.261142479422134,5.81265
12.261142479422134,5.81265
12.261142479422134,5.8126507
12.261142479422134,5.81265
12.261142479422134,5.8126497
12.261142479422134,5.8126497
12.261142479422134,5.8126493
12.261142479422134,5.8126493
12.261142479422134,5.8126493
12.261142479422134,5.812649
12.261142479422134,5.8126493
12.261142479422134,5.8126497
12.261142479422134,5.8126493
12.261142479422134,5.8126497
12.261142479422134,5.8126497
12.261142479422134,5.8126497
12.261142479422134,5.8126497
12.261142479422134,5.8126497
12.261142479422134,5.8126497
12.261142479422134,5.8126493
12.261142479422134,5.81265
12.261142479422134,5.8126497
12.261142479422134,5.8126497
12.261142479422134,5.81265
12.261142479422134,5.81265
12.261142479422134,5.81265
12.261142479422134,5.81265
12.261142479422134,5.81265
12.261142479422134,5.81265
12.261142479422134,5.81265
12.261142479422134,5.81265
12.261142479422134,5.8126497
12.261142479422134,5.8126493
12.261142479422134,5.8126497
12.261142479422134,5.81265
12.261142479422134,5.8126497
12.261142479422134,5.8126493
12.261142479422134,5.8126507
12.261142479422134,5.812651
12.261142479422134,5.8126507
12.261142479422134,5.8126507
12.261142479422134,5.81265
12.261142479422134,5.81265
12.261142479422134,5.81265
12.261142479422134,5.8126507
12.261142479422134,5.8126497
12.261142479422134,5.81265
12.261142479422134,5.8126497
12.261142479422134,5.8126507
12.261142479422134,5.81265
12.261142479422134,5.81265
12.261142479422134,5.8126497
12.261142479422134,5.8126497
12.261142479422134,5.8126493
12.261142479422134,5.8126497
12.261142479422134,5.81265
12.261142479422134,5.8126497
12.261142479422134,5.81265
12.261142479422134,5.81265
12.261142479422134,5.81265
12.261142479422134,5.81265
12.261142479422134,5.81265
12.261142479422134,5.81265
12.261142479422134,5.81265
12.261142479422134,5.8126507
12.261142479422134,5.81265
12.261142479422134,5.8126497
12.261142479422134,5.8126497
12.261142479422134,5.8126493
12.261142479422134,5.8126493
12.261142479422134,5.8126493
12.261142479422134,5.812649
12.261142479422134,5.8126493
12.261142479422134,5.8126497
12.261142479422134,5.8126493
12.261142479422134,5.8126497
12.261142479422134,5.8126497
12.261142479422134,5.8126497
12.261142479422134,5.8126497
12.261142479422134,5.8126497
12.261142479422134,5.8126497
12.261142479422134,5.8126493
12.261142479422134,5.81265
12.261142479422134,5.8126497
12.261142479422134,5.8126497
12.261142479422134,5.81265
12.261142479422134,5.81265
12.261142479422134,5.81265
12.261142479422134,5.81265
12.261142479422134,5.81265
12.261142479422134,5.81265
12.261142479422134,5.81265
12.261142479422134,5.81265
12.261142479422134,5.8126497
12.261142479422134,5.8126493
12.261142479422134,5.8126497
12.261142479422134,5.81265
12.261142479422134,5.8126497
12.261142479422134,5.8126493
12.261142479422134,5.8126507
12.261142479422134,5.812651
12.261142479422134,5.8126507
12.261142479422134,5.8126507
12.261142479422134,5.81265
12.261142479422134,5.81265
12.261142479422134,5.81265
12.261142479422134,5.8126507
12.261142479422134,5.8126497
12.261142479422134,5.81265
12.261142479422134,5.8126497
12.261142479422134,5.8126507
12.261142479422134,5.81265
12.261142479422134,5.81265
12.261142479422134,5.8126497
12.261142479422134,5.8126497
12.261142479422134,5.8126493
12.261142479422134,5.8126497
12.261142479422134,5.81265
12.261142479422134,5.8126497
12.261142479422134,5.81265
12.261142479422134,5.81265
12.261142479422134,5.81265
12.261142479422134,5.81265
12.261142479422134,5.81265
12.261142479422134,5.81265
12.261142479422134,5.81265
12.261142479422134,5.8126507
12.261142479422134,5.81265
12.261142479422134,5.8126497
12.261142479422134,5.8126497
12.261142479422134,5.8126493
12.261142479422134,5.8126493
12.261142479422134,5.8126493
12.261142479422134,5.812649
12.261142479422134,5.8126493
12.261142479422134,5.8126497
12.261142479422134,5.8126493
12.261142479422134,5.8126497
12.261142479422134,5.8126497
12.261142479422134,5.8126497
12.261142479422134,5.8126497
12.261142479422134,5.8126497
12.261142479422134,5.8126497
12.261142479422134,5.8126493
12.261142479422134,5.81265
12.261142479422134,5.8126497
12.261142479422134,5.8126497
12.261142479422134,5.81265
12.261142479422134,5.81265
12.261142479422134,5.81265
12.261142479422134,5.81265
12.261142479422134,5.81265
12.261142479422134,5.81265
12.261142479422134,5.81265
12.261142479422134,5.81265
12.261142479422134,5.8126497
12.261142479422134,5.8126493
12.261142479422134,5.8126497
12.261142479422134,5.81265
12.261142479422134,5.8126497
12.261142479422134,5.8126493
12.261142479422134,5.8126507
12.261142479422134,5.812651
12.261142479422134,5.8126507
12.261142479422134,5.8126507
12.261142479422134,5.81265
12.261142479422134,5.81265
12.261142479422134,5.81265
12.261142479422134,5.8126507
12.261142479422134,5.8126497
12.261142479422134,5.81265
12.261142479422134,5.8126497
12.261142479422134,5.8126507
12.261142479422134,5.81265
12.261142479422134,5.81265
12.261142479422134,5.8126497
12.261142479422134,5.8126497
12.261142479422134,5.8126493
12.261142479422134,5.8126497
12.261142479422134,5.81265
12.261142479422134,5.8126497
12.261142479422134,5.81265
12.261142479422134,5.81265
12.261142479422134,5.81265
12.261142479422134,5.81265
12.261142479422134,5.81265
12.261142479422134,5.81265
12.261142479422134,5.81265
12.261142479422134,5.8126507
12.261142479422134,5.81265
12.261142479422134,5.8126497
12.261142479422134,5.8126497
12.261142479422134,5.8126493
12.261142479422134,5.8126493
12.261142479422134,5.8126493
12.261142479422134,5.812649
12.261142479422134,5.8126493
12.261142479422134,5.8126497
12.261142479422134,5.8126493
12.261142479422134,5.8126497
12.261142479422134,5.8126497
12.261142479422134,5.8126497
12.261142479422134,5.8126497
12.261142479422134,5.8126497
12.261142479422134,5.8126497
12.261142479422134,5.8126493
12.261142479422134,5.81265
12.261142479422134,5.8126497
12.261142479422134,5.8126497
12.261142479422134,5.81265
12.261142479422134,5.81265
12.261142479422134,5.81265
12.261142479422134,5.81265
12.261142479422134,5.81265
12.261142479422134,5.81265
12.261142479422134,5.81265
12.261142479422134,5.81265
12.261142479422134,5.8126497
12.261142479422134,5.8126493
12.261142479422134,5.8126497
12.261142479422134,5.81265
12.261142479422134,5.8126497
12.261142479422134,5.8126493
12.261142479422134,5.8126507
12.261142479422134,5.812651
12.261142479422134,5.8126507
12.261142479422134,5.8126507
12.261142479422134,5.81265
12.261142479422134,5.81265
12.261142479422134,5.81265
12.261142479422134,5.8126507
12.261142479422134,5.8126497
12.261142479422134,5.81265
12.261142479422134,5.8126497
12.261142479422134,5.8126507
12.261142479422134,5.81265
12.261142479422134,5.81265
12.261142479422134,5.8126497
12.261142479422134,5.8126497
12.261142479422134,5.8126493
12.261142479422134,5.8126497
12.261142479422134,5.81265
12.261142479422134,5.8126497
12.261142479422134,5.81265
12.261142479422134,5.81265
12.261142479422134,5.81265
12.261142479422134,5.81265
12.261142479422134,5.81265
12.261142479422134,5.81265
12.261142479422134,5.81265
12.261142479422134,5.8126507
12.261142479422134,5.81265
12.261142479422134,5.8126497
12.261142479422134,5.8126497
12.261142479422134,5.8126493
12.261142479422134,5.8126493
12.261142479422134,5.8126493
12.261142479422134,5.812649
12.261142479422134,5.8126493
12.261142479422134,5.8126497
12.261142479422134,5.8126493
12.261142479422134,5.8126497
12.261142479422134,5.8126497
12.261142479422134,5.8126497
12.261142479422134,5.8126497
12.261142479422134,5.8126497
12.261142479422134,5.8126497
12.261142479422134,5.8126493
12.261142479422134,5.81265
12.261142479422134,5.8126497
12.261142479422134,5.8126497
12.261142479422134,5.81265
12.261142479422134,5.81265
12.261142479422134,5.81265
12.261142479422134,5.81265
12.261142479422134,5.81265
12.261142479422134,5.81265
12.261142479422134,5.81265
12.261142479422134,5.81265
12.261142479422134,5.8126497
12.261142479422134,5.8126493
12.261142479422134,5.8126497
12.261142479422134,5.81265
12.261142479422134,5.8126497
12.261142479422134,5.8126493
12.261142479422134,5.8126507
12.261142479422134,5.812651
12.261142479422134,5.8126507
12.261142479422134,5.8126507
12.261142479422134,5.81265
12.261142479422134,5.81265
12.261142479422134,5.81265
12.261142479422134,5.8126507
12.261142479422134,5.8126497
12.261142479422134,5.81265
12.261142479422134,5.8126497
12.261142479422134,5.8126507
12.261142479422134,5.81265
12.261142479422134,5.81265
12.261142479422134,5.8126497
12.261142479422134,5.8126497
12.261142479422134,5.8126493
12.261142479422134,5.8126497
12.261142479422134,5.81265
12.261142479422134,5.8126497
12.261142479422134,5.81265
12.261142479422134,5.81265
12.261142479422134,5.81265
12.261142479422134,5.81265
12.261142479422134,5.81265
12.261142479422134,5.81265
12.261142479422134,5.81265
12.261142479422134,5.8126507
12.261142479422134,5.81265
12.261142479422134,5.8126497
12.261142479422134,5.8126497
12.261142479422134,5.8126493
12.261142479422134,5.8126493
12.261142479422134,5.8126493
12.261142479422134,5.812649
12.261142479422134,5.8126493
12.261142479422134,5.8126497
12.261142479422134,5.8126493
12.261142479422134,5.8126497
12.261142479422134,5.8126497
12.261142479422134,5.8126497
12.261142479422134,5.8126497
12.261142479422134,5.8126497
12.261142479422134,5.8126497
12.261142479422134,5.8126493
12.261142479422134,5.81265
12.261142479422134,5.8126497
12.261142479422134,5.8126497
12.261142479422134,5.81265
12.261142479422134,5.81265
12.261142479422134,5.81265
12.261142479422134,5.81265
12.261142479422134,5.81265
12.261142479422134,5.81265
12.261142479422134,5.81265
12.261142479422134,5.81265
12.261142479422134,5.8126497
12.261142479422134,5.8126493
12.261142479422134,5.8126497
12.261142479422134,5.81265
12.261142479422134,5.8126497
12.261142479422134,5.8126493
12.261142479422134,5.8126507
12.261142479422134,5.812651
12.261142479422134,5.8126507
12.261142479422134,5.8126507
12.261142479422134,5.81265
12.261142479422134,5.81265
12.261142479422134,5.81265
12.261142479422134,5.8126507
12.261142479422134,5.8126497
12.261142479422134,5.81265
12.261142479422134,5.8126497
12.261142479422134,5.8126507
12.261142479422134,5.81265
12.261142479422134,5.81265
12.261142479422134,5.8126497
12.261142479422134,5.8126497
12.261142479422134,5.8126493
12.261142479422134,5.8126497
12.261142479422134,5.81265
12.261142479422134,5.8126497
12.261142479422134,5.81265
12.261142479422134,5.81265
12.261142479422134,5.81265
12.261142479422134,5.81265
12.261142479422134,5.81265
12.261142479422134,5.81265
12.261142479422134,5.81265
12.261142479422134,5.8126507
12.261142479422134,5.81265
12.261142479422134,5.8126497
12.261142479422134,5.8126497
12.261142479422134,5.8126493
12.261142479422134,5.8126493
12.261142479422134,5.8126493
12.261142479422134,5.812649
12.261142479422134,5.8126493
12.261142479422134,5.8126497
12.261142479422134,5.8126493
12.261142479422134,5.8126497
12.261142479422134,5.8126497
12.261142479422134,5.8126497
12.261142479422134,5.8126497
12.261142479422134,5.8126497
12.261142479422134,5.8126497
12.261142479422134,5.8126493
12.261142479422134,5.81265
12.261142479422134,5.8126497
12.261142479422134,5.8126497
12.261142479422134,5.81265
12.261142479422134,5.81265
12.261142479422134,5.81265
12.261142479422134,5.81265
12.261142479422134,5.81265
12.261142479422134,5.81265
12.261142479422134,5.81265
12.261142479422134,5.81265
12.261142479422134,5.8126497
12.261142479422134,5.8126493
12.261142479422134,5.8126497
12.261142479422134,5.81265
12.261142479422134,5.8126497
12.261142479422134,5.8126493
12.261142479422134,5.8126507
12.261142479422134,5.812651
12.261142479422134,5.8126507
12.261142479422134,5.8126507
12.261142479422134,5.81265
12.261142479422134,5.81265
12.261142479422134,5.81265
12.261142479422134,5.8126507
12.261142479422134,5.8126497
12.261142479422134,5.81265
12.261142479422134,5.8126497
12.261142479422134,5.8126507
12.261142479422134,5.81265
12.261142479422134,5.81265
12.261142479422134,5.8126497
12.261142479422134,5.8126497
12.261142479422134,5.8126493
12.261142479422134,5.8126497
12.261142479422134,5.81265
12.261142479422134,5.8126497
12.261142479422134,5.81265
12.261142479422134,5.81265
12.261142479422134,5.81265
12.261142479422134,5.81265
12.261142479422134,5.81265
12.261142479422134,5.81265
12.261142479422134,5.81265
12.261142479422134,5.8126507
12.261142479422134,5.81265
12.261142479422134,5.8126497
12.261142479422134,5.8126497
12.261142479422134,5.8126493
12.261142479422134,5.8126493
12.261142479422134,5.8126493
12.261142479422134,5.812649
12.261142479422134,5.8126493
12.261142479422134,5.8126497
12.261142479422134,5.8126493
12.261142479422134,5.8126497
12.261142479422134,5.8126497
12.261142479422134,5.8126497
12.261142479422134,5.8126497
12.261142479422134,5.8126497
12.261142479422134,5.8126497
12.261142479422134,5.8126493
12.261142479422134,5.81265
12.261142479422134,5.8126497
12.261142479422134,5.8126497
12.261142479422134,5.81265
12.261142479422134,5.81265
12.261142479422134,5.81265
12.261142479422134,5.81265
12.261142479422134,5.81265
12.261142479422134,5.81265
12.261142479422134,5.81265
12.261142479422134,5.81265
12.261142479422134,5.8126497
12.261142479422134,5.8126493
12.261142479422134,5.8126497
12.261142479422134,5.81265
12.261142479422134,5.8126497
12.261142479422134,5.8126493
12.261142479422134,5.8126507
12.261142479422134,5.812651
12.261142479422134,5.8126507
12.261142479422134,5.8126507
12.261142479422134,5.81265
12.261142479422134,5.81265
12.261142479422134,5.81265
12.261142479422134,5.8126507
12.261142479422134,5.8126497
12.261142479422134,5.81265
12.261142479422134,5.8126497
12.261142479422134,5.8126507
12.261142479422134,5.81265
12.261142479422134,5.81265
12.261142479422134,5.8126497
12.261142479422134,5.8126497
12.261142479422134,5.8126493
12.261142479422134,5.8126497
12.261142479422134,5.81265
12.261142479422134,5.8126497
12.261142479422134,5.81265
12.261142479422134,5.81265
12.261142479422134,5.81265
12.261142479422134,5.81265
12.261142479422134,5.81265
12.261142479422134,5.81265
12.261142479422134,5.81265
12.261142479422134,5.8126507
12.261142479422134,5.81265
12.261142479422134,5.8126497
12.261142479422134,5.8126497
12.261142479422134,5.8126493
12.261142479422134,5.8126493
12.261142479422134,5.8126493
12.261142479422134,5.812649
12.261142479422134,5.8126493
12.261142479422134,5.8126497
12.261142479422134,5.8126493
12.261142479422134,5.8126497
12.261142479422134,5.8126497
12.261142479422134,5.8126497
12.261142479422134,5.8126497
12.261142479422134,5.8126497
12.261142479422134,5.8126497
12.261142479422134,5.8126493
12.261142479422134,5.81265
12.261142479422134,5.8126497
12.261142479422134,5.8126497
12.261142479422134,5.81265
12.261142479422134,5.81265
12.261142479422134,5.81265
12.261142479422134,5.81265
12.261142479422134,5.81265
12.261142479422134,5.81265
12.261142479422134,5.81265
12.261142479422134,5.81265
12.261142479422134,5.8126497
12.261142479422134,5.8126493
12.261142479422134,5.8126497
12.261142479422134,5.81265
12.261142479422134,5.8126497
12.261142479422134,5.8126493
12.261142479422134,5.8126507
12.261142479422134,5.812651
12.261142479422134,5.8126507
12.261142479422134,5.8126507
12.261142479422134,5.81265
12.261142479422134,5.81265
12.261142479422134,5.81265
12.261142479422134,5.8126507
12.261142479422134,5.8126497
12.261142479422134,5.81265
12.261142479422134,5.8126497
12.261142479422134,5.8126507
12.261142479422134,5.81265
12.261142479422134,5.81265
12.261142479422134,5.8126497
12.261142479422134,5.8126497
12.261142479422134,5.8126493
12.261142479422134,5.8126497
12.261142479422134,5.81265
12.261142479422134,5.8126497
12.261142479422134,5.81265
12.261142479422134,5.81265
12.261142479422134,5.81265
12.261142479422134,5.81265
12.261142479422134,5.81265
12.261142479422134,5.81265
12.261142479422134,5.81265
12.261142479422134,5.8126507
12.261142479422134,5.81265
12.261142479422134,5.8126497
12.261142479422134,5.8126497
12.261142479422134,5.8126493
12.261142479422134,5.8126493
12.261142479422134,5.8126493
12.261142479422134,5.812649
12.261142479422134,5.8126493
12.261142479422134,5.8126497
12.261142479422134,5.8126493
12.261142479422134,5.8126497
12.261142479422134,5.8126497
12.261142479422134,5.8126497
12.261142479422134,5.8126497
12.261142479422134,5.8126497
12.261142479422134,5.8126497
12.261142479422134,5.8126493
12.261142479422134,5.81265
12.261142479422134,5.8126497
12.261142479422134,5.8126497
12.261142479422134,5.81265
12.261142479422134,5.81265
12.261142479422134,5.81265
12.261142479422134,5.81265
12.261142479422134,5.81265
12.261142479422134,5.81265
12.261142479422134,5.81265
12.261142479422134,5.81265
12.261142479422134,5.8126497
12.261142479422134,5.8126493
12.261142479422134,5.8126497
12.261142479422134,5.81265
12.261142479422134,5.8126497
12.261142479422134,5.8126493
12.261142479422134,5.8126507
12.261142479422134,5.812651
12.261142479422134,5.8126507
12.261142479422134,5.8126507
12.261142479422134,5.81265
12.261142479422134,5.81265
12.261142479422134,5.81265
12.261142479422134,5.8126507
12.261142479422134,5.8126497
12.261142479422134,5.81265
12.261142479422134,5.8126497
12.261142479422134,5.8126507
12.261142479422134,5.81265
12.261142479422134,5.81265
12.261142479422134,5.8126497
12.261142479422134,5.8126497
12.261142479422134,5.8126493
12.261142479422134,5.8126497
12.261142479422134,5.81265
12.261142479422134,5.8126497
12.261142479422134,5.81265
12.261142479422134,5.81265
12.261142479422134,5.81265
12.261142479422134,5.81265
12.261142479422134,5.81265
12.261142479422134,5.81265
12.261142479422134,5.81265
12.261142479422134,5.8126507
12.261142479422134,5.81265
12.261142479422134,5.8126497
12.261142479422134,5.8126497
12.261142479422134,5.8126493
12.261142479422134,5.8126493
12.261142479422134,5.8126493
12.261142479422134,5.812649
12.261142479422134,5.8126493
12.261142479422134,5.8126497
12.261142479422134,5.8126493
12.261142479422134,5.8126497
12.261142479422134,5.8126497
12.261142479422134,5.8126497
12.261142479422134,5.8126497
12.261142479422134,5.8126497
12.261142479422134,5.8126497
12.261142479422134,5.8126493
12.261142479422134,5.81265
12.261142479422134,5.8126497
12.261142479422134,5.8126497
12.261142479422134,5.81265
12.261142479422134,5.81265
12.261142479422134,5.81265
12.261142479422134,5.81265
12.261142479422134,5.81265
12.261142479422134,5.81265
12.261142479422134,5.81265
12.261142479422134,5.81265
12.261142479422134,5.8126497
12.261142479422134,5.8126493
12.261142479422134,5.8126497
12.261142479422134,5.81265
12.261142479422134,5.8126497
12.261142479422134,5.8126493
12.261142479422134,5.8126507
12.261142479422134,5.812651
12.261142479422134,5.8126507
12.261142479422134,5.8126507
12.261142479422134,5.81265
12.261142479422134,5.81265
12.261142479422134,5.81265
12.261142479422134,5.8126507
12.261142479422134,5.8126497
12.261142479422134,5.81265
12.261142479422134,5.8126497
12.261142479422134,5.8126507
12.261142479422134,5.81265
12.261142479422134,5.81265
12.261142479422134,5.8126497
12.261142479422134,5.8126497
12.261142479422134,5.8126493
12.261142479422134,5.8126497
12.261142479422134,5.81265
12.261142479422134,5.8126497
12.261142479422134,5.81265
12.261142479422134,5.81265
12.261142479422134,5.81265
12.261142479422134,5.81265
12.261142479422134,5.81265
12.261142479422134,5.81265
12.261142479422134,5.81265
12.261142479422134,5.8126507
12.261142479422134,5.81265
12.261142479422134,5.8126497
12.261142479422134,5.8126497
12.261142479422134,5.8126493
12.261142479422134,5.8126493
12.261142479422134,5.8126493
12.261142479422134,5.812649
12.261142479422134,5.8126493
12.261142479422134,5.8126497
12.261142479422134,5.8126493
12.261142479422134,5.8126497
12.261142479422134,5.8126497
12.261142479422134,5.8126497
12.261142479422134,5.8126497
12.261142479422134,5.8126497
12.261142479422134,5.8126497
12.261142479422134,5.8126493
12.261142479422134,5.81265
12.261142479422134,5.8126497
12.261142479422134,5.8126497
12.261142479422134,5.81265
12.261142479422134,5.81265
12.261142479422134,5.81265
12.261142479422134,5.81265
12.261142479422134,5.81265
12.261142479422134,5.81265
12.261142479422134,5.81265
12.261142479422134,5.81265
12.261142479422134,5.8126497
12.261142479422134,5.8126493
12.261142479422134,5.8126497
12.261142479422134,5.81265
12.261142479422134,5.8126497
12.261142479422134,5.8126493
12.261142479422134,5.8126507
12.261142479422134,5.812651
12.261142479422134,5.8126507
12.261142479422134,5.8126507
12.261142479422134,5.81265
12.261142479422134,5.81265
12.261142479422134,5.81265
12.261142479422134,5.8126507
12.261142479422134,5.8126497
12.261142479422134,5.81265
12.261142479422134,5.8126497
12.261142479422134,5.8126507
12.261142479422134,5.81265
12.261142479422134,5.81265
12.261142479422134,5.8126497
12.261142479422134,5.8126497
12.261142479422134,5.8126493
12.261142479422134,5.8126497
12.261142479422134,5.81265
12.261142479422134,5.8126497
12.261142479422134,5.81265
12.261142479422134,5.81265
12.261142479422134,5.81265
12.261142479422134,5.81265
12.261142479422134,5.81265
12.261142479422134,5.81265
12.261142479422134,5.81265
12.261142479422134,5.8126507
12.261142479422134,5.81265
12.261142479422134,5.8126497
12.261142479422134,5.8126497
12.261142479422134,5.8126493
12.261142479422134,5.8126493
12.261142479422134,5.8126493
12.261142479422134,5.812649
12.261142479422134,5.8126493
12.261142479422134,5.8126497
12.261142479422134,5.8126493
12.261142479422134,5.8126497
12.261142479422134,5.8126497
12.261142479422134,5.8126497
12.261142479422134,5.8126497
12.261142479422134,5.8126497
12.261142479422134,5.8126497
12.261142479422134,5.8126493
12.261142479422134,5.81265
12.261142479422134,5.8126497
12.261142479422134,5.8126497
12.261142479422134,5.81265
12.261142479422134,5.81265
12.261142479422134,5.81265
12.261142479422134,5.81265
12.261142479422134,5.81265
12.261142479422134,5.81265
12.261142479422134,5.81265
12.261142479422134,5.81265
12.261142479422134,5.8126497
12.261142479422134,5.8126493
12.261142479422134,5.8126497
12.261142479422134,5.81265
12.261142479422134,5.8126497
12.261142479422134,5.8126493
12.261142479422134,5.8126507
12.261142479422134,5.812651
12.261142479422134,5.8126507
12.261142479422134,5.8126507
12.261142479422134,5.81265
12.261142479422134,5.81265
12.261142479422134,5.81265
12.261142479422134,5.8126507
12.261142479422134,5.8126497
12.261142479422134,5.81265
12.261142479422134,5.8126497
12.261142479422134,5.8126507
12.261142479422134,5.81265
12.261142479422134,5.81265
12.261142479422134,5.8126497
12.261142479422134,5.8126497
12.261142479422134,5.8126493
12.261142479422134,5.8126497
12.261142479422134,5.81265
12.261142479422134,5.8126497
12.261142479422134,5.81265
12.261142479422134,5.81265
12.261142479422134,5.81265
12.261142479422134,5.81265
12.261142479422134,5.81265
12.261142479422134,5.81265
12.261142479422134,5.81265
12.261142479422134,5.8126507
12.261142479422134,5.81265
12.261142479422134,5.8126497
12.261142479422134,5.8126497
12.261142479422134,5.8126493
12.261142479422134,5.8126493
12.261142479422134,5.8126493
12.261142479422134,5.812649
12.261142479422134,5.8126493
12.261142479422134,5.8126497
12.261142479422134,5.8126493
12.261142479422134,5.8126497
12.261142479422134,5.8126497
12.261142479422134,5.8126497
12.261142479422134,5.8126497
12.261142479422134,5.8126497
12.261142479422134,5.8126497
12.261142479422134,5.8126493
12.261142479422134,5.81265
12.261142479422134,5.8126497
12.261142479422134,5.8126497
12.261142479422134,5.81265
12.261142479422134,5.81265
12.261142479422134,5.81265
12.261142479422134,5.81265
12.261142479422134,5.81265
12.261142479422134,5.81265
12.261142479422134,5.81265
12.261142479422134,5.81265
12.261142479422134,5.8126497
12.261142479422134,5.8126493
12.261142479422134,5.8126497
12.261142479422134,5.81265
12.261142479422134,5.8126497
12.261142479422134,5.8126493
12.261142479422134,5.8126507
12.261142479422134,5.812651
12.261142479422134,5.8126507
12.261142479422134,5.8126507
12.261142479422134,5.81265
12.261142479422134,5.81265
12.261142479422134,5.81265
12.261142479422134,5.8126507
12.261142479422134,5.8126497
12.261142479422134,5.81265
12.261142479422134,5.8126497
12.261142479422134,5.8126507
12.261142479422134,5.81265
12.261142479422134,5.81265
12.261142479422134,5.8126497
12.261142479422134,5.8126497
12.261142479422134,5.8126493
12.261142479422134,5.8126497
12.261142479422134,5.81265
12.261142479422134,5.8126497
12.261142479422134,5.81265
12.261142479422134,5.81265
12.261142479422134,5.81265
12.261142479422134,5.81265
12.261142479422134,5.81265
12.261142479422134,5.81265
12.261142479422134,5.81265
12.261142479422134,5.8126507
12.261142479422134,5.81265
12.261142479422134,5.8126497
12.261142479422134,5.8126497
12.261142479422134,5.8126493
12.261142479422134,5.8126493
12.261142479422134,5.8126493
12.261142479422134,5.812649
12.261142479422134,5.8126493
12.261142479422134,5.8126497
12.261142479422134,5.8126493
12.261142479422134,5.8126497
12.261142479422134,5.8126497
12.261142479422134,5.8126497
12.261142479422134,5.8126497
12.261142479422134,5.8126497
12.261142479422134,5.8126497
12.261142479422134,5.8126493
12.261142479422134,5.81265
12.261142479422134,5.8126497
12.261142479422134,5.8126497
12.261142479422134,5.81265
12.261142479422134,5.81265
12.261142479422134,5.81265
12.261142479422134,5.81265
12.261142479422134,5.81265
12.261142479422134,5.81265
12.261142479422134,5.81265
12.261142479422134,5.81265
12.261142479422134,5.8126497
12.261142479422134,5.8126493
12.261142479422134,5.8126497
12.261142479422134,5.81265
12.261142479422134,5.8126497
12.261142479422134,5.8126493
12.261142479422134,5.8126507
12.261142479422134,5.812651
12.261142479422134,5.8126507
12.261142479422134,5.8126507
12.261142479422134,5.81265
12.261142479422134,5.81265
12.261142479422134,5.81265
12.261142479422134,5.8126507
12.261142479422134,5.8126497
12.261142479422134,5.81265
12.261142479422134,5.8126497
12.261142479422134,5.8126507
12.261142479422134,5.81265
12.261142479422134,5.81265
12.261142479422134,5.8126497
12.261142479422134,5.8126497
12.261142479422134,5.8126493
12.261142479422134,5.8126497
12.261142479422134,5.81265
12.261142479422134,5.8126497
12.261142479422134,5.81265
12.261142479422134,5.81265
12.261142479422134,5.81265
12.261142479422134,5.81265
12.261142479422134,5.81265
12.261142479422134,5.81265
12.261142479422134,5.81265
12.261142479422134,5.8126507
12.261142479422134,5.81265
12.261142479422134,5.8126497
12.261142479422134,5.8126497
12.261142479422134,5.8126493
12.261142479422134,5.8126493
12.261142479422134,5.8126493
12.261142479422134,5.812649
12.261142479422134,5.8126493
12.261142479422134,5.8126497
12.261142479422134,5.8126493
12.261142479422134,5.8126497
12.261142479422134,5.8126497
12.261142479422134,5.8126497
12.261142479422134,5.8126497
12.261142479422134,5.8126497
12.261142479422134,5.8126497
12.261142479422134,5.8126493
12.261142479422134,5.81265
12.261142479422134,5.8126497
12.261142479422134,5.8126497
12.261142479422134,5.81265
12.261142479422134,5.81265
12.261142479422134,5.81265
12.261142479422134,5.81265
12.261142479422134,5.81265
12.261142479422134,5.81265
12.261142479422134,5.81265
12.261142479422134,5.81265
12.261142479422134,5.8126497
12.261142479422134,5.8126493
12.261142479422134,5.8126497
12.261142479422134,5.81265
12.261142479422134,5.8126497
12.261142479422134,5.8126493
12.261142479422134,5.8126507
12.261142479422134,5.812651
12.261142479422134,5.8126507
12.261142479422134,5.8126507
12.261142479422134,5.81265
12.261142479422134,5.81265
12.261142479422134,5.81265
12.261142479422134,5.8126507
12.261142479422134,5.8126497
12.261142479422134,5.81265
12.261142479422134,5.8126497
12.261142479422134,5.8126507
12.261142479422134,5.81265
12.261142479422134,5.81265
12.261142479422134,5.8126497
12.261142479422134,5.8126497
12.261142479422134,5.8126493
12.261142479422134,5.8126497
12.261142479422134,5.81265
12.261142479422134,5.8126497
12.261142479422134,5.81265
12.261142479422134,5.81265
12.261142479422134,5.81265
12.261142479422134,5.81265
12.261142479422134,5.81265
12.261142479422134,5.81265
12.261142479422134,5.81265
12.261142479422134,5.8126507
12.261142479422134,5.81265
12.261142479422134,5.8126497
12.261142479422134,5.8126497
12.261142479422134,5.8126493
12.261142479422134,5.8126493
12.261142479422134,5.8126493
12.261142479422134,5.812649
12.261142479422134,5.8126493
12.261142479422134,5.8126497
12.261142479422134,5.8126493
12.261142479422134,5.8126497
12.261142479422134,5.8126497
12.261142479422134,5.8126497
12.261142479422134,5.8126497
12.261142479422134,5.8126497
12.261142479422134,5.8126497
12.261142479422134,5.8126493
12.261142479422134,5.81265
12.261142479422134,5.8126497
12.261142479422134,5.8126497
12.261142479422134,5.81265
12.261142479422134,5.81265
12.261142479422134,5.81265
12.261142479422134,5.81265
12.261142479422134,5.81265
12.261142479422134,5.81265
12.261142479422134,5.81265
12.261142479422134,5.81265
12.261142479422134,5.8126497
12.261142479422134,5.8126493
12.261142479422134,5.8126497
12.261142479422134,5.81265
12.261142479422134,5.8126497
12.261142479422134,5.8126493
12.261142479422134,5.8126507
12.261142479422134,5.812651
12.261142479422134,5.8126507
12.261142479422134,5.8126507
12.261142479422134,5.81265
12.261142479422134,5.81265
12.261142479422134,5.81265
12.261142479422134,5.8126507
12.261142479422134,5.8126497
12.261142479422134,5.81265
12.261142479422134,5.8126497
12.261142479422134,5.8126507
12.261142479422134,5.81265
12.261142479422134,5.81265
12.261142479422134,5.8126497
12.261142479422134,5.8126497
12.261142479422134,5.8126493
12.261142479422134,5.8126497
12.261142479422134,5.81265
12.261142479422134,5.8126497
12.261142479422134,5.81265
12.261142479422134,5.81265
12.261142479422134,5.81265
12.261142479422134,5.81265
12.261142479422134,5.81265
12.261142479422134,5.81265
12.261142479422134,5.81265
12.261142479422134,5.8126507
12.261142479422134,5.81265
12.261142479422134,5.8126497
12.261142479422134,5.8126497
12.261142479422134,5.8126493
12.261142479422134,5.8126493
12.261142479422134,5.8126493
12.261142479422134,5.812649
12.261142479422134,5.8126493
12.261142479422134,5.8126497
12.261142479422134,5.8126493
12.261142479422134,5.8126497
12.261142479422134,5.8126497
12.261142479422134,5.8126497
12.261142479422134,5.8126497
12.261142479422134,5.8126497
12.261142479422134,5.8126497
12.261142479422134,5.8126493
12.261142479422134,5.81265
12.261142479422134,5.8126497
12.261142479422134,5.8126497
12.261142479422134,5.81265
12.261142479422134,5.81265
12.261142479422134,5.81265
12.261142479422134,5.81265
12.261142479422134,5.81265
12.261142479422134,5.81265
12.261142479422134,5.81265
12.261142479422134,5.81265
12.261142479422134,5.8126497
12.261142479422134,5.8126493
12.261142479422134,5.8126497
12.261142479422134,5.81265
12.261142479422134,5.8126497
12.261142479422134,5.8126493
12.261142479422134,5.8126507
12.261142479422134,5.812651
12.261142479422134,5.8126507
12.261142479422134,5.8126507
12.261142479422134,5.81265
12.261142479422134,5.81265
12.261142479422134,5.81265
12.261142479422134,5.8126507
12.261142479422134,5.8126497
12.261142479422134,5.81265
12.261142479422134,5.8126497
12.261142479422134,5.8126507
12.261142479422134,5.81265
12.261142479422134,5.81265
12.261142479422134,5.8126497
12.261142479422134,5.8126497
12.261142479422134,5.8126493
12.261142479422134,5.8126497
12.261142479422134,5.81265
12.261142479422134,5.8126497
12.261142479422134,5.81265
12.261142479422134,5.81265
12.261142479422134,5.81265
12.261142479422134,5.81265
12.261142479422134,5.81265
12.261142479422134,5.81265
12.261142479422134,5.81265
12.261142479422134,5.8126507
12.261142479422134,5.81265
12.261142479422134,5.8126497
12.261142479422134,5.8126497
12.261142479422134,5.8126493
12.261142479422134,5.8126493
12.261142479422134,5.8126493
12.261142479422134,5.812649
12.261142479422134,5.8126493
12.261142479422134,5.8126497
12.261142479422134,5.8126493
12.261142479422134,5.8126497
12.261142479422134,5.8126497
12.261142479422134,5.8126497
12.261142479422134,5.8126497
12.261142479422134,5.8126497
12.261142479422134,5.8126497
12.261142479422134,5.8126493
12.261142479422134,5.81265
12.261142479422134,5.8126497
12.261142479422134,5.8126497
12.261142479422134,5.81265
12.261142479422134,5.81265
12.261142479422134,5.81265
12.261142479422134,5.81265
12.261142479422134,5.81265
12.261142479422134,5.81265
12.261142479422134,5.81265
12.261142479422134,5.81265
12.261142479422134,5.8126497
12.261142479422134,5.8126493
12.261142479422134,5.8126497
12.261142479422134,5.81265
12.261142479422134,5.8126497
12.261142479422134,5.8126493
12.261142479422134,5.8126507
12.261142479422134,5.812651
12.261142479422134,5.8126507
12.261142479422134,5.8126507
12.261142479422134,5.81265
12.261142479422134,5.81265
12.261142479422134,5.81265
12.261142479422134,5.8126507
12.261142479422134,5.8126497
12.261142479422134,5.81265
12.261142479422134,5.8126497
12.261142479422134,5.8126507
12.261142479422134,5.81265
12.261142479422134,5.81265
12.261142479422134,5.8126497
12.261142479422134,5.8126497
12.261142479422134,5.8126493
12.261142479422134,5.8126497
12.261142479422134,5.81265
12.261142479422134,5.8126497
12.261142479422134,5.81265
12.261142479422134,5.81265
12.261142479422134,5.81265
12.261142479422134,5.81265
12.261142479422134,5.81265
12.261142479422134,5.81265
12.261142479422134,5.81265
12.261142479422134,5.8126507
12.261142479422134,5.81265
12.261142479422134,5.8126497
12.261142479422134,5.8126497
12.261142479422134,5.8126493
12.261142479422134,5.8126493
12.261142479422134,5.8126493
12.261142479422134,5.812649
12.261142479422134,5.8126493
12.261142479422134,5.8126497
12.261142479422134,5.8126493
12.261142479422134,5.8126497
12.261142479422134,5.8126497
12.261142479422134,5.8126497
12.261142479422134,5.8126497
12.261142479422134,5.8126497
12.261142479422134,5.8126497
12.261142479422134,5.8126493
12.261142479422134,5.81265
12.261142479422134,5.8126497
12.261142479422134,5.8126497
12.261142479422134,5.81265
12.261142479422134,5.81265
12.261142479422134,5.81265
12.261142479422134,5.81265
12.261142479422134,5.81265
12.261142479422134,5.81265
12.261142479422134,5.81265
12.261142479422134,5.81265
12.261142479422134,5.8126497
12.261142479422134,5.8126493
12.261142479422134,5.8126497
12.261142479422134,5.81265
12.261142479422134,5.8126497
12.261142479422134,5.8126493
12.261142479422134,5.8126507
12.261142479422134,5.812651
12.261142479422134,5.8126507
12.261142479422134,5.8126507
12.261142479422134,5.81265
12.261142479422134,5.81265
12.261142479422134,5.81265
12.261142479422134,5.8126507
12.261142479422134,5.8126497
12.261142479422134,5.81265
12.261142479422134,5.8126497
12.261142479422134,5.8126507
12.261142479422134,5.81265
12.261142479422134,5.81265
12.261142479422134,5.8126497
12.261142479422134,5.8126497
12.261142479422134,5.8126493
12.261142479422134,5.8126497
12.261142479422134,5.81265
12.261142479422134,5.8126497
12.261142479422134,5.81265
12.261142479422134,5.81265
12.261142479422134,5.81265
12.261142479422134,5.81265
12.261142479422134,5.81265
12.261142479422134,5.81265
12.261142479422134,5.81265
12.261142479422134,5.8126507
12.261142479422134,5.81265
12.261142479422134,5.8126497
12.261142479422134,5.8126497
12.261142479422134,5.8126493
12.261142479422134,5.8126493
12.261142479422134,5.8126493
12.261142479422134,5.812649
12.261142479422134,5.8126493
12.261142479422134,5.8126497
12.261142479422134,5.8126493
12.261142479422134,5.8126497
12.261142479422134,5.8126497
12.261142479422134,5.8126497
12.261142479422134,5.8126497
12.261142479422134,5.8126497
12.261142479422134,5.8126497
12.261142479422134,5.8126493
12.261142479422134,5.81265
12.261142479422134,5.8126497
12.261142479422134,5.8126497
12.261142479422134,5.81265
12.261142479422134,5.81265
12.261142479422134,5.81265
12.261142479422134,5.81265
12.261142479422134,5.81265
12.261142479422134,5.81265
12.261142479422134,5.81265
12.261142479422134,5.81265
12.261142479422134,5.8126497
12.261142479422134,5.8126493
12.261142479422134,5.8126497
12.261142479422134,5.81265
12.261142479422134,5.8126497
12.261142479422134,5.8126493
12.261142479422134,5.8126507
12.261142479422134,5.812651
12.261142479422134,5.8126507
12.261142479422134,5.8126507
12.261142479422134,5.81265
12.261142479422134,5.81265
12.261142479422134,5.81265
12.261142479422134,5.8126507
12.261142479422134,5.8126497
12.261142479422134,5.81265
12.261142479422134,5.8126497
12.261142479422134,5.8126507
12.261142479422134,5.81265
12.261142479422134,5.81265
12.261142479422134,5.8126497
12.261142479422134,5.8126497
12.261142479422134,5.8126493
12.261142479422134,5.8126497
12.261142479422134,5.81265
12.261142479422134,5.8126497
12.261142479422134,5.81265
12.261142479422134,5.81265
12.261142479422134,5.81265
12.261142479422134,5.81265
12.261142479422134,5.81265
12.261142479422134,5.81265
12.261142479422134,5.81265
12.261142479422134,5.8126507
12.261142479422134,5.81265
12.261142479422134,5.8126497
12.261142479422134,5.8126497
12.261142479422134,5.8126493
12.261142479422134,5.8126493
12.261142479422134,5.8126493
12.261142479422134,5.812649
12.261142479422134,5.8126493
12.261142479422134,5.8126497
12.261142479422134,5.8126493
12.261142479422134,5.8126497
12.261142479422134,5.8126497
12.261142479422134,5.8126497
12.261142479422134,5.8126497
12.261142479422134,5.8126497
12.261142479422134,5.8126497
12.261142479422134,5.8126493
12.261142479422134,5.81265
12.261142479422134,5.8126497
12.261142479422134,5.8126497
12.261142479422134,5.81265
12.261142479422134,5.81265
12.261142479422134,5.81265
12.261142479422134,5.81265
12.261142479422134,5.81265
12.261142479422134,5.81265
12.261142479422134,5.81265
12.261142479422134,5.81265
12.261142479422134,5.8126497
12.261142479422134,5.8126493
12.261142479422134,5.8126497
12.261142479422134,5.81265
12.261142479422134,5.8126497
12.261142479422134,5.8126493
12.261142479422134,5.8126507
12.261142479422134,5.812651
12.261142479422134,5.8126507
12.261142479422134,5.8126507
12.261142479422134,5.81265
12.261142479422134,5.81265
12.261142479422134,5.81265
12.261142479422134,5.8126507
12.261142479422134,5.8126497
12.261142479422134,5.81265
12.261142479422134,5.8126497
12.261142479422134,5.8126507
12.261142479422134,5.81265
12.261142479422134,5.81265
12.261142479422134,5.8126497
12.261142479422134,5.8126497
12.261142479422134,5.8126493
12.261142479422134,5.8126497
12.261142479422134,5.81265
12.261142479422134,5.8126497
12.261142479422134,5.81265
12.261142479422134,5.81265
12.261142479422134,5.81265
12.261142479422134,5.81265
12.261142479422134,5.81265
12.261142479422134,5.81265
12.261142479422134,5.81265
12.261142479422134,5.8126507
12.261142479422134,5.81265
12.261142479422134,5.8126497
12.261142479422134,5.8126497
12.261142479422134,5.8126493
12.261142479422134,5.8126493
12.261142479422134,5.8126493
12.261142479422134,5.812649
12.261142479422134,5.8126493
12.261142479422134,5.8126497
12.261142479422134,5.8126493
12.261142479422134,5.8126497
12.261142479422134,5.8126497
12.261142479422134,5.8126497
12.261142479422134,5.8126497
12.261142479422134,5.8126497
12.261142479422134,5.8126497
12.261142479422134,5.8126493
12.261142479422134,5.81265
12.261142479422134,5.8126497
12.261142479422134,5.8126497
12.261142479422134,5.81265
12.261142479422134,5.81265
12.261142479422134,5.81265
12.261142479422134,5.81265
12.261142479422134,5.81265
12.261142479422134,5.81265
12.261142479422134,5.81265
12.261142479422134,5.81265
12.261142479422134,5.8126497
12.261142479422134,5.8126493
12.261142479422134,5.8126497
12.261142479422134,5.81265
12.261142479422134,5.8126497
12.261142479422134,5.8126493
12.261142479422134,5.8126507
12.261142479422134,5.812651
12.261142479422134,5.8126507
12.261142479422134,5.8126507
12.261142479422134,5.81265
12.261142479422134,5.81265
12.261142479422134,5.81265
12.261142479422134,5.8126507
12.261142479422134,5.8126497
12.261142479422134,5.81265
12.261142479422134,5.8126497
12.261142479422134,5.8126507
12.261142479422134,5.81265
12.261142479422134,5.81265
12.261142479422134,5.8126497
12.261142479422134,5.8126497
12.261142479422134,5.8126493
12.261142479422134,5.8126497
12.261142479422134,5.81265
12.261142479422134,5.8126497
12.261142479422134,5.81265
12.261142479422134,5.81265
12.261142479422134,5.81265
12.261142479422134,5.81265
12.261142479422134,5.81265
12.261142479422134,5.81265
12.261142479422134,5.81265
12.261142479422134,5.8126507
12.261142479422134,5.81265
12.261142479422134,5.8126497
12.261142479422134,5.8126497
12.261142479422134,5.8126493
12.261142479422134,5.8126493
12.261142479422134,5.8126493
12.261142479422134,5.812649
12.261142479422134,5.8126493
12.261142479422134,5.8126497
12.261142479422134,5.8126493
12.261142479422134,5.8126497
12.261142479422134,5.8126497
12.261142479422134,5.8126497
12.261142479422134,5.8126497
12.261142479422134,5.8126497
12.261142479422134,5.8126497
12.261142479422134,5.8126493
12.261142479422134,5.81265
12.261142479422134,5.8126497
12.261142479422134,5.8126497
12.261142479422134,5.81265
12.261142479422134,5.81265
12.261142479422134,5.81265
12.261142479422134,5.81265
12.261142479422134,5.81265
12.261142479422134,5.81265
12.261142479422134,5.81265
12.261142479422134,5.81265
12.261142479422134,5.8126497
12.261142479422134,5.8126493
12.261142479422134,5.8126497
12.261142479422134,5.81265
12.261142479422134,5.8126497
12.261142479422134,5.8126493
12.261142479422134,5.8126507
12.261142479422134,5.812651
12.261142479422134,5.8126507
12.261142479422134,5.8126507
12.261142479422134,5.81265
12.261142479422134,5.81265
12.261142479422134,5.81265
12.261142479422134,5.8126507
12.261142479422134,5.8126497
12.261142479422134,5.81265
12.261142479422134,5.8126497
12.261142479422134,5.8126507
12.261142479422134,5.81265
12.261142479422134,5.81265
12.261142479422134,5.8126497
12.261142479422134,5.8126497
12.261142479422134,5.8126493
12.261142479422134,5.8126497
12.261142479422134,5.81265
12.261142479422134,5.8126497
12.261142479422134,5.81265
12.261142479422134,5.81265
12.261142479422134,5.81265
12.261142479422134,5.81265
12.261142479422134,5.81265
12.261142479422134,5.81265
12.261142479422134,5.81265
12.261142479422134,5.8126507
12.261142479422134,5.81265
12.261142479422134,5.8126497
12.261142479422134,5.8126497
12.261142479422134,5.8126493
12.261142479422134,5.8126493
12.261142479422134,5.8126493
12.261142479422134,5.812649
12.261142479422134,5.8126493
12.261142479422134,5.8126497
12.261142479422134,5.8126493
12.261142479422134,5.8126497
12.261142479422134,5.8126497
12.261142479422134,5.8126497
12.261142479422134,5.8126497
12.261142479422134,5.8126497
12.261142479422134,5.8126497
12.261142479422134,5.8126493
12.261142479422134,5.81265
12.261142479422134,5.8126497
12.261142479422134,5.8126497
12.261142479422134,5.81265
12.261142479422134,5.81265
12.261142479422134,5.81265
12.261142479422134,5.81265
12.261142479422134,5.81265
12.261142479422134,5.81265
12.261142479422134,5.81265
12.261142479422134,5.81265
12.261142479422134,5.8126497
12.261142479422134,5.8126493
12.261142479422134,5.8126497
12.261142479422134,5.81265
12.261142479422134,5.8126497
12.261142479422134,5.8126493
12.261142479422134,5.8126507
12.261142479422134,5.812651
12.261142479422134,5.8126507
12.261142479422134,5.8126507
12.261142479422134,5.81265
12.261142479422134,5.81265
12.261142479422134,5.81265
12.261142479422134,5.8126507
12.261142479422134,5.8126497
12.261142479422134,5.81265
12.261142479422134,5.8126497
12.261142479422134,5.8126507
12.261142479422134,5.81265
12.261142479422134,5.81265
12.261142479422134,5.8126497
12.261142479422134,5.8126497
12.261142479422134,5.8126493
12.261142479422134,5.8126497
12.261142479422134,5.81265
12.261142479422134,5.8126497
12.261142479422134,5.81265
12.261142479422134,5.81265
12.261142479422134,5.81265
12.261142479422134,5.81265
12.261142479422134,5.81265
12.261142479422134,5.81265
12.261142479422134,5.81265
12.261142479422134,5.8126507
12.261142479422134,5.81265
12.261142479422134,5.8126497
12.261142479422134,5.8126497
12.261142479422134,5.8126493
12.261142479422134,5.8126493
12.261142479422134,5.8126493
12.261142479422134,5.812649
12.261142479422134,5.8126493
12.261142479422134,5.8126497
12.261142479422134,5.8126493
12.261142479422134,5.8126497
12.261142479422134,5.8126497
12.261142479422134,5.8126497
12.261142479422134,5.8126497
12.261142479422134,5.8126497
12.261142479422134,5.8126497
12.261142479422134,5.8126493
12.261142479422134,5.81265
12.261142479422134,5.8126497
12.261142479422134,5.8126497
12.261142479422134,5.81265
12.261142479422134,5.81265
12.261142479422134,5.81265
12.261142479422134,5.81265
12.261142479422134,5.81265
12.261142479422134,5.81265
12.261142479422134,5.81265
12.261142479422134,5.81265
12.261142479422134,5.8126497
12.261142479422134,5.8126493
12.261142479422134,5.8126497
12.261142479422134,5.81265
12.261142479422134,5.8126497
12.261142479422134,5.8126493
12.261142479422134,5.8126507
12.261142479422134,5.812651
12.261142479422134,5.8126507
12.261142479422134,5.8126507
12.261142479422134,5.81265
12.261142479422134,5.81265
12.261142479422134,5.81265
12.261142479422134,5.8126507
12.261142479422134,5.8126497
12.261142479422134,5.81265
12.261142479422134,5.8126497
12.261142479422134,5.8126507
12.261142479422134,5.81265
12.261142479422134,5.81265
12.261142479422134,5.8126497
12.261142479422134,5.8126497
12.261142479422134,5.8126493
12.261142479422134,5.8126497
12.261142479422134,5.81265
12.261142479422134,5.8126497
12.261142479422134,5.81265
12.261142479422134,5.81265
12.261142479422134,5.81265
12.261142479422134,5.81265
12.261142479422134,5.81265
12.261142479422134,5.81265
12.261142479422134,5.81265
12.261142479422134,5.8126507
12.261142479422134,5.81265
12.261142479422134,5.8126497
12.261142479422134,5.8126497
12.261142479422134,5.8126493
12.261142479422134,5.8126493
12.261142479422134,5.8126493
12.261142479422134,5.812649
12.261142479422134,5.8126493
12.261142479422134,5.8126497
12.261142479422134,5.8126493
12.261142479422134,5.8126497
12.261142479422134,5.8126497
12.261142479422134,5.8126497
12.261142479422134,5.8126497
12.261142479422134,5.8126497
12.261142479422134,5.8126497
12.261142479422134,5.8126493
12.261142479422134,5.81265
12.261142479422134,5.8126497
12.261142479422134,5.8126497
12.261142479422134,5.81265
12.261142479422134,5.81265
12.261142479422134,5.81265
12.261142479422134,5.81265
12.261142479422134,5.81265
12.261142479422134,5.81265
12.261142479422134,5.81265
12.261142479422134,5.81265
12.261142479422134,5.8126497
12.261142479422134,5.8126493
12.261142479422134,5.8126497
12.261142479422134,5.81265
12.261142479422134,5.8126497
12.261142479422134,5.8126493
12.261142479422134,5.8126507
12.261142479422134,5.812651
12.261142479422134,5.8126507
12.261142479422134,5.8126507
12.261142479422134,5.81265
12.261142479422134,5.81265
12.261142479422134,5.81265
12.261142479422134,5.8126507
12.261142479422134,5.8126497
12.261142479422134,5.81265
12.261142479422134,5.8126497
12.261142479422134,5.8126507
12.261142479422134,5.81265
12.261142479422134,5.81265
12.261142479422134,5.8126497
12.261142479422134,5.8126497
12.261142479422134,5.8126493
12.261142479422134,5.8126497
12.261142479422134,5.81265
12.261142479422134,5.8126497
12.261142479422134,5.81265
12.261142479422134,5.81265
12.261142479422134,5.81265
12.261142479422134,5.81265
12.261142479422134,5.81265
12.261142479422134,5.81265
12.261142479422134,5.81265
12.261142479422134,5.8126507
12.261142479422134,5.81265
12.261142479422134,5.8126497
12.261142479422134,5.8126497
12.261142479422134,5.8126493
12.261142479422134,5.8126493
12.261142479422134,5.8126493
12.261142479422134,5.812649
12.261142479422134,5.8126493
12.261142479422134,5.8126497
12.261142479422134,5.8126493
12.261142479422134,5.8126497
12.261142479422134,5.8126497
12.261142479422134,5.8126497
12.261142479422134,5.8126497
12.261142479422134,5.8126497
12.261142479422134,5.8126497
12.261142479422134,5.8126493
12.261142479422134,5.81265
12.261142479422134,5.8126497
12.261142479422134,5.8126497
12.261142479422134,5.81265
12.261142479422134,5.81265
12.261142479422134,5.81265
12.261142479422134,5.81265
12.261142479422134,5.81265
12.261142479422134,5.81265
12.261142479422134,5.81265
12.261142479422134,5.81265
12.261142479422134,5.8126497
12.261142479422134,5.8126493
12.261142479422134,5.8126497
12.261142479422134,5.81265
12.261142479422134,5.8126497
12.261142479422134,5.8126493
12.261142479422134,5.8126507
12.261142479422134,5.812651
12.261142479422134,5.8126507
12.261142479422134,5.8126507
12.261142479422134,5.81265
12.261142479422134,5.81265
12.261142479422134,5.81265
12.261142479422134,5.8126507
12.261142479422134,5.8126497
12.261142479422134,5.81265
12.261142479422134,5.8126497
12.261142479422134,5.8126507
12.261142479422134,5.81265
12.261142479422134,5.81265
12.261142479422134,5.8126497
12.261142479422134,5.8126497
12.261142479422134,5.8126493
12.261142479422134,5.8126497
12.261142479422134,5.81265
12.261142479422134,5.8126497
12.261142479422134,5.81265
12.261142479422134,5.81265
12.261142479422134,5.81265
12.261142479422134,5.81265
12.261142479422134,5.81265
12.261142479422134,5.81265
12.261142479422134,5.81265
12.261142479422134,5.8126507
12.261142479422134,5.81265
12.261142479422134,5.8126497
12.261142479422134,5.8126497
12.261142479422134,5.8126493
12.261142479422134,5.8126493
12.261142479422134,5.8126493
12.261142479422134,5.812649
12.261142479422134,5.8126493
12.261142479422134,5.8126497
12.261142479422134,5.8126493
12.261142479422134,5.8126497
12.261142479422134,5.8126497
12.261142479422134,5.8126497
12.261142479422134,5.8126497
12.261142479422134,5.8126497
12.261142479422134,5.8126497
12.261142479422134,5.8126493
12.261142479422134,5.81265
12.261142479422134,5.8126497
12.261142479422134,5.8126497
12.261142479422134,5.81265
12.261142479422134,5.81265
12.261142479422134,5.81265
12.261142479422134,5.81265
12.261142479422134,5.81265
12.261142479422134,5.81265
12.261142479422134,5.81265
12.261142479422134,5.81265
12.261142479422134,5.8126497
12.261142479422134,5.8126493
12.261142479422134,5.8126497
12.261142479422134,5.81265
12.261142479422134,5.8126497
12.261142479422134,5.8126493
12.261142479422134,5.8126507
12.261142479422134,5.812651
12.261142479422134,5.8126507
12.261142479422134,5.8126507
12.261142479422134,5.81265
12.261142479422134,5.81265
12.261142479422134,5.81265
12.261142479422134,5.8126507
12.261142479422134,5.8126497
12.261142479422134,5.81265
12.261142479422134,5.8126497
12.261142479422134,5.8126507
12.261142479422134,5.81265
12.261142479422134,5.81265
12.261142479422134,5.8126497
12.261142479422134,5.8126497
12.261142479422134,5.8126493
12.261142479422134,5.8126497
12.261142479422134,5.81265
12.261142479422134,5.8126497
12.261142479422134,5.81265
12.261142479422134,5.81265
12.261142479422134,5.81265
12.261142479422134,5.81265
12.261142479422134,5.81265
12.261142479422134,5.81265
12.261142479422134,5.81265
12.261142479422134,5.8126507
12.261142479422134,5.81265
12.261142479422134,5.8126497
12.261142479422134,5.8126497
12.261142479422134,5.8126493
12.261142479422134,5.8126493
12.261142479422134,5.8126493
12.261142479422134,5.812649
12.261142479422134,5.8126493
12.261142479422134,5.8126497
12.261142479422134,5.8126493
12.261142479422134,5.8126497
12.261142479422134,5.8126497
12.261142479422134,5.8126497
12.261142479422134,5.8126497
12.261142479422134,5.8126497
12.261142479422134,5.8126497
12.261142479422134,5.8126493
12.261142479422134,5.81265
12.261142479422134,5.8126497
12.261142479422134,5.8126497
12.261142479422134,5.81265
12.261142479422134,5.81265
12.261142479422134,5.81265
12.261142479422134,5.81265
12.261142479422134,5.81265
12.261142479422134,5.81265
12.261142479422134,5.81265
12.261142479422134,5.81265
12.261142479422134,5.8126497
12.261142479422134,5.8126493
12.261142479422134,5.8126497
12.261142479422134,5.81265
12.261142479422134,5.8126497
12.261142479422134,5.8126493
12.261142479422134,5.8126507
12.261142479422134,5.812651
12.261142479422134,5.8126507
12.261142479422134,5.8126507
12.261142479422134,5.81265
12.261142479422134,5.81265
12.261142479422134,5.81265
12.261142479422134,5.8126507
12.261142479422134,5.8126497
12.261142479422134,5.81265
12.261142479422134,5.8126497
12.261142479422134,5.8126507
12.261142479422134,5.81265
12.261142479422134,5.81265
12.261142479422134,5.8126497
12.261142479422134,5.8126497
12.261142479422134,5.8126493
12.261142479422134,5.8126497
12.261142479422134,5.81265
12.261142479422134,5.8126497
12.261142479422134,5.81265
12.261142479422134,5.81265
12.261142479422134,5.81265
12.261142479422134,5.81265
12.261142479422134,5.81265
12.261142479422134,5.81265
12.261142479422134,5.81265
12.261142479422134,5.8126507
12.261142479422134,5.81265
12.261142479422134,5.8126497
12.261142479422134,5.8126497
12.261142479422134,5.8126493
12.261142479422134,5.8126493
12.261142479422134,5.8126493
12.261142479422134,5.812649
12.261142479422134,5.8126493
12.261142479422134,5.8126497
12.261142479422134,5.8126493
12.261142479422134,5.8126497
12.261142479422134,5.8126497
12.261142479422134,5.8126497
12.261142479422134,5.8126497
12.261142479422134,5.8126497
12.261142479422134,5.8126497
12.261142479422134,5.8126493
12.261142479422134,5.81265
12.261142479422134,5.8126497
12.261142479422134,5.8126497
12.261142479422134,5.81265
12.261142479422134,5.81265
12.261142479422134,5.81265
12.261142479422134,5.81265
12.261142479422134,5.81265
12.261142479422134,5.81265
12.261142479422134,5.81265
12.261142479422134,5.81265
12.261142479422134,5.8126497
12.261142479422134,5.8126493
12.261142479422134,5.8126497
12.261142479422134,5.81265
12.261142479422134,5.8126497
12.261142479422134,5.8126493
12.261142479422134,5.8126507
12.261142479422134,5.812651
12.261142479422134,5.8126507
12.261142479422134,5.8126507
12.261142479422134,5.81265
12.261142479422134,5.81265
12.261142479422134,5.81265
12.261142479422134,5.8126507
12.261142479422134,5.8126497
12.261142479422134,5.81265
12.261142479422134,5.8126497
12.261142479422134,5.8126507
12.261142479422134,5.81265
12.261142479422134,5.81265
12.261142479422134,5.8126497
12.261142479422134,5.8126497
12.261142479422134,5.8126493
12.261142479422134,5.8126497
12.261142479422134,5.81265
12.261142479422134,5.8126497
12.261142479422134,5.81265
12.261142479422134,5.81265
12.261142479422134,5.81265
12.261142479422134,5.81265
12.261142479422134,5.81265
12.261142479422134,5.81265
12.261142479422134,5.81265
12.261142479422134,5.8126507
12.261142479422134,5.81265
12.261142479422134,5.8126497
12.261142479422134,5.8126497
12.261142479422134,5.8126493
12.261142479422134,5.8126493
12.261142479422134,5.8126493
12.261142479422134,5.812649
12.261142479422134,5.8126493
12.261142479422134,5.8126497
12.261142479422134,5.8126493
12.261142479422134,5.8126497
12.261142479422134,5.8126497
12.261142479422134,5.8126497
12.261142479422134,5.8126497
12.261142479422134,5.8126497
12.261142479422134,5.8126497
12.261142479422134,5.8126493
12.261142479422134,5.81265
12.261142479422134,5.8126497
12.261142479422134,5.8126497
12.261142479422134,5.81265
12.261142479422134,5.81265
12.261142479422134,5.81265
12.261142479422134,5.81265
12.261142479422134,5.81265
12.261142479422134,5.81265
12.261142479422134,5.81265
12.261142479422134,5.81265
12.261142479422134,5.8126497
12.261142479422134,5.8126493
12.261142479422134,5.8126497
12.261142479422134,5.81265
12.261142479422134,5.8126497
12.261142479422134,5.8126493
12.261142479422134,5.8126507
12.261142479422134,5.812651
12.261142479422134,5.8126507
12.261142479422134,5.8126507
12.261142479422134,5.81265
12.261142479422134,5.81265
12.261142479422134,5.81265
12.261142479422134,5.8126507
12.261142479422134,5.8126497
12.261142479422134,5.81265
12.261142479422134,5.8126497
12.261142479422134,5.8126507
12.261142479422134,5.81265
12.261142479422134,5.81265
12.261142479422134,5.8126497
12.261142479422134,5.8126497
12.261142479422134,5.8126493
12.261142479422134,5.8126497
12.261142479422134,5.81265
12.261142479422134,5.8126497
12.261142479422134,5.81265
12.261142479422134,5.81265
12.261142479422134,5.81265
12.261142479422134,5.81265
12.261142479422134,5.81265
12.261142479422134,5.81265
12.261142479422134,5.81265
12.261142479422134,5.8126507
12.261142479422134,5.81265
12.261142479422134,5.8126497
12.261142479422134,5.8126497
12.261142479422134,5.8126493
12.261142479422134,5.8126493
12.261142479422134,5.8126493
12.261142479422134,5.812649
12.261142479422134,5.8126493
12.261142479422134,5.8126497
12.261142479422134,5.8126493
12.261142479422134,5.8126497
12.261142479422134,5.8126497
12.261142479422134,5.8126497
12.261142479422134,5.8126497
12.261142479422134,5.8126497
12.261142479422134,5.8126497
12.261142479422134,5.8126493
12.261142479422134,5.81265
12.261142479422134,5.8126497
12.261142479422134,5.8126497
12.261142479422134,5.81265
12.261142479422134,5.81265
12.261142479422134,5.81265
12.261142479422134,5.81265
12.261142479422134,5.81265
12.261142479422134,5.81265
12.261142479422134,5.81265
12.261142479422134,5.81265
12.261142479422134,5.8126497
12.261142479422134,5.8126493
12.261142479422134,5.8126497
